Ticker,Date,Score,Close,SMA20,SMA50,SMA200,RSI,ADX,ATR_Pct,RelVolume,BBWidth,VolatilityRatio,Return5D,Return20D,Return60D,DistHigh20,DistHigh50,AvgDollarVolume,Reasons,Warnings
IVZ,2026-08-27,100,33.31,31.86,29.66,26.61,67.3,26.2,2.59,0.62,10.81,0.69,6.22,13.98,21.58,0.0,0.0,135.24,Price above SMA200 | Price above SMA50 | SMA20 > SMA50 > SMA200 | SMA20 rising | SMA50 rising | Within 3% of 20-day high | Within 3% of 50-day high | Healthy bullish RSI | MACD bullish | Positive MACD histogram | Strong trend (ADX > 25) | Positive directional movement | Volume contracting | Volatility contracting | ATR contracting | Bollinger Bands compressed | Positive 20-day momentum | Good liquidity,
NDAQ,2026-08-27,100,99.35,96.43,90.83,89.7,69.4,29.7,2.02,0.81,7.55,0.38,1.85,4.4,13.42,0.32,0.32,257.34,Price above SMA200 | Price above SMA50 | SMA20 > SMA50 > SMA200 | SMA20 rising | SMA50 rising | Within 3% of 20-day high | Within 3% of 50-day high | Healthy bullish RSI | MACD bullish | Positive MACD histogram | Strong trend (ADX > 25) | Positive directional movement | Volume contracting | Volatility contracting | ATR contracting | Bollinger Bands compressed | Positive 20-day momentum | Good liquidity,
DASH,2026-08-27,100,231.89,216.5,197.3,187.79,69.8,38.6,3.44,0.75,19.63,0.66,4.29,17.39,47.75,2.86,2.86,995.13,Price above SMA200 | Price above SMA50 | SMA20 > SMA50 > SMA200 | SMA20 rising | SMA50 rising | Within 3% of 20-day high | Within 3% of 50-day high | Healthy bullish RSI | MACD bullish | Positive MACD histogram | Strong trend (ADX > 25) | Positive directional movement | Volume contracting | Volatility contracting | ATR contracting | Bollinger Bands compressed | Positive 20-day momentum | Good liquidity,
J,2026-08-27,96,150.62,145.51,134.99,132.14,67.6,48.0,2.3,1.0,11.75,0.84,2.06,13.74,23.82,1.78,1.78,129.71,Price above SMA200 | Price above SMA50 | SMA20 > SMA50 > SMA200 | SMA20 rising | SMA50 rising | Within 3% of 20-day high | Within 3% of 50-day high | Healthy bullish RSI | MACD bullish | Positive MACD histogram | Strong trend (ADX > 25) | Positive directional movement | Volume contracting | Volatility contracting | ATR contracting | Positive 20-day momentum | Good liquidity,
UNP,2026-08-27,96,307.67,299.21,289.46,256.69,63.3,26.5,1.94,0.88,8.82,0.65,1.22,6.29,16.24,2.11,2.7,730.96,Price above SMA200 | Price above SMA50 | SMA20 > SMA50 > SMA200 | SMA20 rising | SMA50 rising | Within 3% of 20-day high | Within 3% of 50-day high | Healthy bullish RSI | MACD bullish | Positive MACD histogram | Strong trend (ADX > 25) | Positive directional movement | Volume contracting | Volatility contracting | ATR contracting | Positive 20-day momentum | Good liquidity,
FDS,2026-08-27,96,304.47,286.14,262.03,247.27,64.4,26.9,3.74,1.09,16.32,0.65,1.47,15.75,19.02,1.31,1.31,225.73,Price above SMA200 | Price above SMA50 | SMA20 > SMA50 > SMA200 | SMA20 rising | SMA50 rising | Within 3% of 20-day high | Within 3% of 50-day high | Healthy bullish RSI | MACD bullish | Positive MACD histogram | Strong trend (ADX > 25) | Positive directional movement | Volatility contracting | ATR contracting | Bollinger Bands compressed | Positive 20-day momentum | Good liquidity,
IFF,2026-08-27,94,86.85,84.11,80.18,73.48,63.0,27.7,2.57,0.96,11.27,1.11,4.15,9.27,19.21,2.84,2.84,132.69,Price above SMA200 | Price above SMA50 | SMA20 > SMA50 > SMA200 | SMA20 rising | SMA50 rising | Within 3% of 20-day high | Within 3% of 50-day high | Healthy bullish RSI | MACD bullish | Positive MACD histogram | Strong trend (ADX > 25) | Positive directional movement | Volume contracting | ATR contracting | Bollinger Bands compressed | Positive 20-day momentum | Good liquidity,
STT,2026-08-27,93,193.37,188.35,181.8,145.68,62.1,19.5,2.17,0.69,7.48,0.81,5.63,5.77,21.63,0.94,0.94,261.76,Price above SMA200 | Price above SMA50 | SMA20 > SMA50 > SMA200 | SMA20 rising | SMA50 rising | Within 3% of 20-day high | Within 3% of 50-day high | Healthy bullish RSI | MACD bullish | Positive MACD histogram | Positive directional movement | Volume contracting | Volatility contracting | ATR contracting | Bollinger Bands compressed | Positive 20-day momentum | Good liquidity,
BIIB,2026-08-27,92,221.5,211.51,207.02,189.32,62.7,24.9,2.67,0.63,11.9,0.69,3.34,6.53,17.3,0.61,0.61,165.15,Price above SMA200 | Price above SMA50 | SMA20 > SMA50 > SMA200 | SMA20 rising | SMA50 rising | Within 3% of 20-day high | Within 3% of 50-day high | Healthy bullish RSI | MACD bullish | Positive MACD histogram | Moderate trend | Positive directional movement | Volume contracting | Volatility contracting | ATR contracting | Positive 20-day momentum | Good liquidity,
VZ,2026-08-27,92,49.43,48.21,45.66,44.33,62.6,21.0,1.99,0.85,10.4,0.59,0.49,7.2,5.02,2.73,2.73,926.54,Price above SMA200 | Price above SMA50 | SMA20 > SMA50 > SMA200 | SMA20 rising | SMA50 rising | Within 3% of 20-day high | Within 3% of 50-day high | Healthy bullish RSI | MACD bullish | Positive MACD histogram | Moderate trend | Positive directional movement | Volume contracting | Volatility contracting | ATR contracting | Positive 20-day momentum | Good liquidity,
MCO,2026-08-27,92,509.02,489.3,482.12,470.51,63.2,20.0,2.24,0.8,11.31,0.69,2.06,5.77,12.45,2.27,2.59,345.23,Price above SMA200 | Price above SMA50 | SMA20 > SMA50 > SMA200 | SMA20 rising | SMA50 rising | Within 3% of 20-day high | Within 3% of 50-day high | Healthy bullish RSI | MACD bullish | Positive MACD histogram | Moderate trend | Positive directional movement | Volume contracting | Volatility contracting | ATR contracting | Positive 20-day momentum | Good liquidity,
MMM,2026-08-27,91,178.83,179.92,170.06,159.35,56.3,29.8,1.93,0.9,4.32,0.52,0.86,2.01,17.47,2.83,2.94,477.08,Price above SMA200 | Price above SMA50 | SMA20 > SMA50 > SMA200 | SMA20 rising | SMA50 rising | Within 3% of 20-day high | Within 3% of 50-day high | Healthy bullish RSI | Strong trend (ADX > 25) | Positive directional movement | Volume contracting | Volatility contracting | ATR contracting | Bollinger Bands compressed | Positive 20-day momentum | Good liquidity,
CSX,2026-08-27,91,51.54,50.71,49.73,42.58,59.9,26.5,1.82,0.75,4.78,0.59,1.12,2.69,11.7,1.18,4.0,496.0,Price above SMA200 | Price above SMA50 | SMA20 > SMA50 > SMA200 | SMA50 rising | Within 3% of 20-day high | Within 5% of 50-day high | Healthy bullish RSI | MACD bullish | Positive MACD histogram | Strong trend (ADX > 25) | Positive directional movement | Volume contracting | Volatility contracting | ATR contracting | Bollinger Bands compressed | Positive 20-day momentum | Good liquidity,
HSIC,2026-08-27,91,90.28,89.0,86.36,78.57,63.0,34.6,2.02,0.67,5.45,0.77,2.06,6.0,18.73,2.1,2.1,104.36,Price above SMA200 | Price above SMA50 | SMA20 > SMA50 > SMA200 | SMA20 rising | SMA50 rising | Within 3% of 20-day high | Within 3% of 50-day high | Healthy bullish RSI | Strong trend (ADX > 25) | Positive directional movement | Volume contracting | Volatility contracting | ATR contracting | Bollinger Bands compressed | Positive 20-day momentum | Good liquidity,
PYPL,2026-08-27,91,61.47,60.16,53.59,51.16,65.6,52.4,2.34,0.93,10.28,0.46,-1.33,6.63,38.5,2.05,2.05,592.71,Price above SMA200 | Price above SMA50 | SMA20 > SMA50 > SMA200 | SMA20 rising | SMA50 rising | Within 3% of 20-day high | Within 3% of 50-day high | Healthy bullish RSI | Strong trend (ADX > 25) | Positive directional movement | Volume contracting | Volatility contracting | ATR contracting | Bollinger Bands compressed | Positive 20-day momentum | Good liquidity,
BMY,2026-08-27,91,66.95,65.51,61.32,56.68,60.3,43.1,2.45,0.42,8.64,0.87,2.26,3.22,24.32,2.52,2.52,720.93,Price above SMA200 | Price above SMA50 | SMA20 > SMA50 > SMA200 | SMA20 rising | SMA50 rising | Within 3% of 20-day high | Within 3% of 50-day high | Healthy bullish RSI | MACD bullish | Positive MACD histogram | Strong trend (ADX > 25) | Positive directional movement | Volume contracting | Bollinger Bands compressed | Positive 20-day momentum | Good liquidity,
TMO,2026-08-27,91,630.7,601.15,554.28,534.37,72.8,38.5,2.57,0.85,14.5,0.73,0.5,9.35,30.96,2.58,2.58,1043.77,Price above SMA200 | Price above SMA50 | SMA20 > SMA50 > SMA200 | SMA20 rising | SMA50 rising | Within 3% of 20-day high | Within 3% of 50-day high | MACD bullish | Positive MACD histogram | Strong trend (ADX > 25) | Positive directional movement | Volume contracting | Volatility contracting | Bollinger Bands compressed | Positive 20-day momentum | Good liquidity,
BLK,2026-08-27,91,1167.57,1149.6,1078.58,1050.33,61.0,31.3,1.91,1.35,7.69,0.7,2.43,6.3,15.23,1.64,1.64,638.1,Price above SMA200 | Price above SMA50 | SMA20 > SMA50 > SMA200 | SMA20 rising | SMA50 rising | Within 3% of 20-day high | Within 3% of 50-day high | Healthy bullish RSI | Strong trend (ADX > 25) | Positive directional movement | Volume contracting | Volatility contracting | ATR contracting | Bollinger Bands compressed | Positive 20-day momentum | Good liquidity,
CME,2026-08-27,90,280.94,269.11,253.33,274.81,68.2,26.1,2.14,1.13,9.41,0.61,3.72,5.13,12.72,0.44,0.44,489.38,Price above SMA200 | Price above SMA50 | SMA20 rising | SMA50 rising | Within 3% of 20-day high | Within 3% of 50-day high | Healthy bullish RSI | MACD bullish | Positive MACD histogram | Strong trend (ADX > 25) | Positive directional movement | Volume contracting | Volatility contracting | ATR contracting | Bollinger Bands compressed | Positive 20-day momentum | Good liquidity,
MA,2026-08-27,90,591.73,574.97,545.87,527.95,65.8,37.8,1.8,1.06,8.65,0.85,3.12,2.49,24.08,1.61,1.61,1726.76,Price above SMA200 | Price above SMA50 | SMA20 > SMA50 > SMA200 | SMA20 rising | SMA50 rising | Within 3% of 20-day high | Within 3% of 50-day high | Healthy bullish RSI | MACD bullish | Positive MACD histogram | Strong trend (ADX > 25) | Positive directional movement | Volume contracting | ATR contracting | Positive 20-day momentum | Good liquidity,
T,2026-08-27,90,25.43,24.55,23.01,24.65,64.2,34.7,2.16,0.69,13.93,0.6,1.11,9.56,4.59,2.32,2.32,916.6,Price above SMA200 | Price above SMA50 | SMA20 rising | SMA50 rising | Within 3% of 20-day high | Within 3% of 50-day high | Healthy bullish RSI | MACD bullish | Positive MACD histogram | Strong trend (ADX > 25) | Positive directional movement | Volume contracting | Volatility contracting | ATR contracting | Bollinger Bands compressed | Positive 20-day momentum | Good liquidity,
KO,2026-08-27,89,89.06,88.37,85.04,77.32,56.0,29.1,1.74,0.94,8.33,0.64,-1.59,0.64,14.32,3.85,3.85,1262.73,Price above SMA200 | Price above SMA50 | SMA20 > SMA50 > SMA200 | SMA20 rising | SMA50 rising | Within 5% of 20-day high | Within 5% of 50-day high | Healthy bullish RSI | MACD bullish | Positive MACD histogram | Strong trend (ADX > 25) | Positive directional movement | Volume contracting | Volatility contracting | ATR contracting | Positive 20-day momentum | Good liquidity,
NSC,2026-08-27,89,347.93,341.47,330.51,305.15,59.5,22.4,1.83,1.08,7.77,0.72,0.38,4.6,13.58,2.32,2.66,398.17,Price above SMA200 | Price above SMA50 | SMA20 > SMA50 > SMA200 | SMA20 rising | SMA50 rising | Within 3% of 20-day high | Within 3% of 50-day high | Healthy bullish RSI | MACD bullish | Positive MACD histogram | Moderate trend | Positive directional movement | Volume contracting | Volatility contracting | Positive 20-day momentum | Good liquidity,
ADP,2026-08-27,88,284.68,274.48,254.18,233.86,67.2,39.4,2.34,0.8,8.22,0.65,1.96,7.89,24.08,0.32,0.32,606.82,Price above SMA200 | Price above SMA50 | SMA20 > SMA50 > SMA200 | SMA20 rising | SMA50 rising | Within 3% of 20-day high | Within 3% of 50-day high | Healthy bullish RSI | Strong trend (ADX > 25) | Positive directional movement | Volume contracting | Volatility contracting | Bollinger Bands compressed | Positive 20-day momentum | Good liquidity,
INCY,2026-08-27,88,127.74,123.27,118.11,104.12,62.4,24.3,2.67,0.52,12.35,0.69,0.41,3.86,38.49,2.4,3.8,165.74,Price above SMA200 | Price above SMA50 | SMA20 > SMA50 > SMA200 | SMA20 rising | SMA50 rising | Within 3% of 20-day high | Within 5% of 50-day high | Healthy bullish RSI | MACD bullish | Positive MACD histogram | Moderate trend | Positive directional movement | Volume contracting | Volatility contracting | ATR contracting | Positive 20-day momentum | Good liquidity,
EXPD,2026-08-27,87,190.72,183.26,175.06,156.68,69.7,34.8,2.15,0.77,13.42,1.1,2.32,14.2,20.81,0.56,0.56,184.78,Price above SMA200 | Price above SMA50 | SMA20 > SMA50 > SMA200 | SMA20 rising | SMA50 rising | Within 3% of 20-day high | Within 3% of 50-day high | Healthy bullish RSI | MACD bullish | Positive MACD histogram | Strong trend (ADX > 25) | Positive directional movement | Volume contracting | Positive 20-day momentum | Good liquidity,
GPC,2026-08-27,87,136.7,133.74,125.87,118.09,60.4,23.7,2.56,1.09,9.53,0.59,2.84,9.51,39.09,2.33,2.33,154.64,Price above SMA200 | Price above SMA50 | SMA20 > SMA50 > SMA200 | SMA20 rising | SMA50 rising | Within 3% of 20-day high | Within 3% of 50-day high | Healthy bullish RSI | Moderate trend | Positive directional movement | Volume contracting | Volatility contracting | ATR contracting | Bollinger Bands compressed | Positive 20-day momentum | Good liquidity,
GILD,2026-08-27,87,148.86,139.28,133.69,132.53,69.2,37.8,2.52,0.78,18.83,0.89,3.78,13.39,17.46,0.51,0.51,894.13,Price above SMA200 | Price above SMA50 | SMA20 > SMA50 > SMA200 | SMA20 rising | SMA50 rising | Within 3% of 20-day high | Within 3% of 50-day high | Healthy bullish RSI | MACD bullish | Positive MACD histogram | Strong trend (ADX > 25) | Positive directional movement | Volume contracting | Positive 20-day momentum | Good liquidity,
BNY,2026-08-27,87,162.24,160.37,155.01,130.51,57.5,20.3,1.87,1.0,6.7,0.74,3.18,3.95,15.29,2.13,2.13,371.14,Price above SMA200 | Price above SMA50 | SMA20 > SMA50 > SMA200 | SMA20 rising | SMA50 rising | Within 3% of 20-day high | Within 3% of 50-day high | Healthy bullish RSI | Moderate trend | Positive directional movement | Volume contracting | Volatility contracting | ATR contracting | Bollinger Bands compressed | Positive 20-day momentum | Good liquidity,
XYZ,2026-08-27,87,84.85,81.37,79.35,68.23,61.0,16.7,3.18,1.19,9.88,1.06,5.96,2.74,14.43,2.24,2.24,395.74,Price above SMA200 | Price above SMA50 | SMA20 > SMA50 > SMA200 | SMA20 rising | SMA50 rising | Within 3% of 20-day high | Within 3% of 50-day high | Healthy bullish RSI | MACD bullish | Positive MACD histogram | Positive directional movement | Volume contracting | ATR contracting | Bollinger Bands compressed | Positive 20-day momentum | Good liquidity,
AMGN,2026-08-27,87,436.99,417.3,384.09,350.89,68.9,48.4,2.33,0.68,18.78,1.07,1.34,13.39,33.9,2.3,2.3,1073.77,Price above SMA200 | Price above SMA50 | SMA20 > SMA50 > SMA200 | SMA20 rising | SMA50 rising | Within 3% of 20-day high | Within 3% of 50-day high | Healthy bullish RSI | MACD bullish | Positive MACD histogram | Strong trend (ADX > 25) | Positive directional movement | Volume contracting | Positive 20-day momentum | Good liquidity,
MPC,2026-08-27,87,363.54,339.19,305.17,234.69,69.5,40.5,2.99,1.21,29.79,1.21,1.48,16.06,38.58,1.12,1.12,849.38,Price above SMA200 | Price above SMA50 | SMA20 > SMA50 > SMA200 | SMA20 rising | SMA50 rising | Within 3% of 20-day high | Within 3% of 50-day high | Healthy bullish RSI | MACD bullish | Positive MACD histogram | Strong trend (ADX > 25) | Positive directional movement | Volume contracting | Positive 20-day momentum | Good liquidity,
IQV,2026-08-27,87,262.38,244.97,219.43,200.53,73.3,39.3,3.0,1.01,17.55,0.59,2.47,10.34,45.25,0.05,0.05,299.99,Price above SMA200 | Price above SMA50 | SMA20 > SMA50 > SMA200 | SMA20 rising | SMA50 rising | Within 3% of 20-day high | Within 3% of 50-day high | MACD bullish | Positive MACD histogram | Strong trend (ADX > 25) | Positive directional movement | Volume contracting | Volatility contracting | Positive 20-day momentum | Good liquidity,
PFE,2026-08-27,87,28.02,26.94,25.32,25.32,65.4,48.4,2.05,0.8,15.8,0.97,0.83,12.48,11.59,2.0,2.0,1046.22,Price above SMA200 | Price above SMA50 | SMA20 > SMA50 > SMA200 | SMA20 rising | SMA50 rising | Within 3% of 20-day high | Within 3% of 50-day high | Healthy bullish RSI | MACD bullish | Positive MACD histogram | Strong trend (ADX > 25) | Positive directional movement | Volume contracting | Positive 20-day momentum | Good liquidity,
VRTX,2026-08-27,87,547.55,518.62,498.89,462.63,65.1,36.1,2.62,0.7,21.16,1.05,1.35,13.67,28.81,1.49,1.49,620.85,Price above SMA200 | Price above SMA50 | SMA20 > SMA50 > SMA200 | SMA20 rising | SMA50 rising | Within 3% of 20-day high | Within 3% of 50-day high | Healthy bullish RSI | MACD bullish | Positive MACD histogram | Strong trend (ADX > 25) | Positive directional movement | Volume contracting | Positive 20-day momentum | Good liquidity,
VLTO,2026-08-27,87,98.37,97.61,93.6,93.25,56.7,31.5,2.11,0.71,6.04,0.76,-1.1,3.86,19.51,2.67,3.94,131.81,Price above SMA200 | Price above SMA50 | SMA20 > SMA50 > SMA200 | SMA20 rising | SMA50 rising | Within 3% of 20-day high | Within 5% of 50-day high | Healthy bullish RSI | Strong trend (ADX > 25) | Positive directional movement | Volume contracting | Volatility contracting | ATR contracting | Bollinger Bands compressed | Positive 20-day momentum | Good liquidity,
SOLV,2026-08-27,87,90.93,87.5,82.05,76.88,64.7,24.6,2.74,0.57,11.87,0.89,2.62,4.73,18.97,1.96,1.96,105.05,Price above SMA200 | Price above SMA50 | SMA20 > SMA50 > SMA200 | SMA20 rising | SMA50 rising | Within 3% of 20-day high | Within 3% of 50-day high | Healthy bullish RSI | MACD bullish | Positive MACD histogram | Moderate trend | Positive directional movement | Volume contracting | Bollinger Bands compressed | Positive 20-day momentum | Good liquidity,
MSI,2026-08-27,87,486.54,466.4,434.49,418.29,68.0,37.7,2.33,0.52,13.86,1.24,2.73,12.93,17.47,1.44,1.44,472.26,Price above SMA200 | Price above SMA50 | SMA20 > SMA50 > SMA200 | SMA20 rising | SMA50 rising | Within 3% of 20-day high | Within 3% of 50-day high | Healthy bullish RSI | MACD bullish | Positive MACD histogram | Strong trend (ADX > 25) | Positive directional movement | Volume contracting | Positive 20-day momentum | Good liquidity,
PSX,2026-08-27,87,239.81,226.19,203.51,167.05,67.8,43.3,2.91,0.86,27.96,1.05,-0.08,14.47,32.06,2.98,2.98,633.08,Price above SMA200 | Price above SMA50 | SMA20 > SMA50 > SMA200 | SMA20 rising | SMA50 rising | Within 3% of 20-day high | Within 3% of 50-day high | Healthy bullish RSI | MACD bullish | Positive MACD histogram | Strong trend (ADX > 25) | Positive directional movement | Volume contracting | Positive 20-day momentum | Good liquidity,
OMC,2026-08-27,87,87.89,85.4,81.29,76.67,60.0,26.6,2.71,1.11,13.93,0.66,0.94,10.4,18.09,1.91,1.91,197.34,Price above SMA200 | Price above SMA50 | SMA20 > SMA50 > SMA200 | SMA20 rising | SMA50 rising | Within 3% of 20-day high | Within 3% of 50-day high | Healthy bullish RSI | Strong trend (ADX > 25) | Positive directional movement | Volume contracting | Volatility contracting | ATR contracting | Positive 20-day momentum | Good liquidity,
NWS,2026-08-27,87,35.32,33.4,31.55,29.68,70.1,32.7,2.52,1.42,13.6,0.83,4.56,11.07,17.03,0.08,0.08,37.77,Price above SMA200 | Price above SMA50 | SMA20 > SMA50 > SMA200 | SMA20 rising | SMA50 rising | Within 3% of 20-day high | Within 3% of 50-day high | MACD bullish | Positive MACD histogram | Strong trend (ADX > 25) | Positive directional movement | Volume contracting | Volatility contracting | Positive 20-day momentum | Good liquidity,
NDSN,2026-08-27,86,330.84,315.68,302.05,275.58,68.1,38.5,2.16,0.66,15.18,1.19,-1.15,12.06,15.31,2.5,2.5,132.38,Price above SMA200 | Price above SMA50 | SMA20 > SMA50 > SMA200 | SMA20 rising | SMA50 rising | Within 3% of 20-day high | Within 3% of 50-day high | Healthy bullish RSI | MACD bullish | Positive MACD histogram | Strong trend (ADX > 25) | Positive directional movement | ATR contracting | Positive 20-day momentum | Good liquidity,
V,2026-08-27,86,379.66,368.34,356.9,331.55,64.3,23.3,1.79,0.96,8.43,0.92,3.81,3.85,19.87,1.56,1.56,2541.78,Price above SMA200 | Price above SMA50 | SMA20 > SMA50 > SMA200 | SMA20 rising | SMA50 rising | Within 3% of 20-day high | Within 3% of 50-day high | Healthy bullish RSI | MACD bullish | Positive MACD histogram | Moderate trend | Positive directional movement | Volume contracting | ATR contracting | Positive 20-day momentum | Good liquidity,
TECH,2026-08-27,86,72.47,72.18,70.18,60.45,69.4,57.8,0.51,0.61,0.95,0.07,0.37,0.72,45.77,0.1,0.1,200.08,Price above SMA200 | Price above SMA50 | SMA20 > SMA50 > SMA200 | SMA50 rising | Within 3% of 20-day high | Within 3% of 50-day high | Healthy bullish RSI | Strong trend (ADX > 25) | Positive directional movement | Volume contracting | Volatility contracting | ATR contracting | Bollinger Bands compressed | Positive 20-day momentum | Good liquidity,
ECL,2026-08-27,85,285.91,282.59,277.71,271.25,56.5,22.3,2.05,0.95,6.04,0.81,1.57,2.35,11.87,3.29,3.29,412.42,Price above SMA200 | Price above SMA50 | SMA20 > SMA50 > SMA200 | SMA20 rising | SMA50 rising | Within 5% of 20-day high | Within 5% of 50-day high | Healthy bullish RSI | MACD bullish | Positive MACD histogram | Moderate trend | Positive directional movement | Volatility contracting | ATR contracting | Bollinger Bands compressed | Positive 20-day momentum | Good liquidity,
DGX,2026-08-27,85,244.61,238.6,222.45,198.28,73.4,39.8,2.03,1.06,6.91,0.45,1.37,4.4,27.15,0.57,0.57,189.0,Price above SMA200 | Price above SMA50 | SMA20 > SMA50 > SMA200 | SMA20 rising | SMA50 rising | Within 3% of 20-day high | Within 3% of 50-day high | Strong trend (ADX > 25) | Positive directional movement | Volume contracting | Volatility contracting | ATR contracting | Bollinger Bands compressed | Positive 20-day momentum | Good liquidity,
VRSN,2026-08-27,85,294.73,287.32,274.0,259.04,60.3,17.2,2.73,0.79,10.99,0.82,6.44,3.15,-0.61,2.51,2.51,210.87,Price above SMA200 | Price above SMA50 | SMA20 > SMA50 > SMA200 | SMA20 rising | Within 3% of 20-day high | Within 3% of 50-day high | Healthy bullish RSI | MACD bullish | Positive MACD histogram | Positive directional movement | Volume contracting | Volatility contracting | Bollinger Bands compressed | Positive 20-day momentum | Good liquidity,
PAYX,2026-08-27,84,126.48,121.63,112.42,101.59,66.0,34.8,2.55,0.74,9.51,0.76,2.9,8.73,26.8,0.48,0.48,282.07,Price above SMA200 | Price above SMA50 | SMA20 > SMA50 > SMA200 | SMA20 rising | SMA50 rising | Within 3% of 20-day high | Within 3% of 50-day high | Healthy bullish RSI | Strong trend (ADX > 25) | Positive directional movement | Volume contracting | Volatility contracting | Positive 20-day momentum | Good liquidity,
FDX,2026-08-27,84,331.41,324.9,319.35,286.99,56.9,28.6,2.4,0.56,11.41,0.84,1.65,7.41,1.11,3.1,3.1,469.74,Price above SMA200 | Price above SMA50 | SMA20 > SMA50 > SMA200 | SMA20 rising | Within 5% of 20-day high | Within 5% of 50-day high | Healthy bullish RSI | MACD bullish | Positive MACD histogram | Strong trend (ADX > 25) | Positive directional movement | Volume contracting | Volatility contracting | ATR contracting | Positive 20-day momentum | Good liquidity,
ZBH,2026-08-27,84,99.48,98.59,93.59,90.72,55.8,22.4,2.72,0.6,7.83,0.74,0.52,4.76,19.1,2.65,2.65,221.6,Price above SMA200 | Price above SMA50 | SMA20 > SMA50 > SMA200 | SMA20 rising | SMA50 rising | Within 3% of 20-day high | Within 3% of 50-day high | Healthy bullish RSI | Moderate trend | Positive directional movement | Volume contracting | Volatility contracting | Bollinger Bands compressed | Positive 20-day momentum | Good liquidity,
BDX,2026-08-27,84,188.13,181.47,164.9,157.38,68.6,50.4,2.24,0.74,16.63,0.78,0.27,13.71,31.18,2.63,2.63,328.93,Price above SMA200 | Price above SMA50 | SMA20 > SMA50 > SMA200 | SMA20 rising | SMA50 rising | Within 3% of 20-day high | Within 3% of 50-day high | Healthy bullish RSI | Strong trend (ADX > 25) | Positive directional movement | Volume contracting | Volatility contracting | Positive 20-day momentum | Good liquidity,
ICE,2026-08-27,84,161.24,155.1,144.36,154.23,70.5,48.9,2.11,0.88,11.95,0.63,1.66,3.18,13.67,1.28,1.28,548.59,Price above SMA200 | Price above SMA50 | SMA20 rising | SMA50 rising | Within 3% of 20-day high | Within 3% of 50-day high | MACD bullish | Positive MACD histogram | Strong trend (ADX > 25) | Positive directional movement | Volume contracting | Volatility contracting | ATR contracting | Bollinger Bands compressed | Positive 20-day momentum | Good liquidity,
AMP,2026-08-27,84,555.77,558.6,523.63,481.87,56.2,26.0,2.03,0.78,4.64,0.69,1.59,2.4,25.17,3.02,3.02,216.62,Price above SMA200 | Price above SMA50 | SMA20 > SMA50 > SMA200 | SMA20 rising | SMA50 rising | Within 5% of 20-day high | Within 5% of 50-day high | Healthy bullish RSI | Strong trend (ADX > 25) | Positive directional movement | Volume contracting | Volatility contracting | ATR contracting | Bollinger Bands compressed | Positive 20-day momentum | Good liquidity,
TGT,2026-08-27,83,165.93,154.76,142.71,118.51,69.0,36.8,3.1,0.96,19.38,0.92,4.85,15.7,35.74,2.9,2.9,775.72,Price above SMA200 | Price above SMA50 | SMA20 > SMA50 > SMA200 | SMA20 rising | SMA50 rising | Within 3% of 20-day high | Within 3% of 50-day high | Healthy bullish RSI | MACD bullish | Positive MACD histogram | Strong trend (ADX > 25) | Positive directional movement | Positive 20-day momentum | Good liquidity,
BEN,2026-08-27,83,34.82,34.28,33.59,27.76,60.0,21.5,2.16,0.6,7.43,0.95,2.5,4.97,13.01,4.19,4.19,134.7,Price above SMA200 | Price above SMA50 | SMA20 > SMA50 > SMA200 | SMA20 rising | SMA50 rising | Within 5% of 20-day high | Within 5% of 50-day high | Healthy bullish RSI | MACD bullish | Positive MACD histogram | Moderate trend | Positive directional movement | Volume contracting | ATR contracting | Bollinger Bands compressed | Positive 20-day momentum | Good liquidity,
APD,2026-08-27,83,305.47,302.6,296.83,278.63,55.2,22.1,2.12,1.05,6.35,0.66,1.71,1.76,10.05,1.98,3.08,288.5,Price above SMA200 | Price above SMA50 | SMA20 > SMA50 > SMA200 | SMA20 rising | SMA50 rising | Within 3% of 20-day high | Within 5% of 50-day high | Healthy bullish RSI | Moderate trend | Positive directional movement | Volume contracting | Volatility contracting | ATR contracting | Bollinger Bands compressed | Positive 20-day momentum | Good liquidity,
JNJ,2026-08-27,82,265.77,262.45,256.28,231.04,54.6,23.1,2.09,1.12,9.83,0.72,-0.11,4.4,19.83,3.52,3.52,1705.26,Price above SMA200 | Price above SMA50 | SMA20 > SMA50 > SMA200 | SMA20 rising | SMA50 rising | Within 5% of 20-day high | Within 5% of 50-day high | Positive RSI | MACD bullish | Positive MACD histogram | Moderate trend | Positive directional movement | Volume contracting | Volatility contracting | ATR contracting | Positive 20-day momentum | Good liquidity,
FCX,2026-08-27,82,78.42,70.47,65.42,59.72,68.7,24.3,3.61,1.08,28.37,0.95,10.11,23.61,9.61,2.32,2.32,1004.65,Price above SMA200 | Price above SMA50 | SMA20 > SMA50 > SMA200 | SMA20 rising | SMA50 rising | Within 3% of 20-day high | Within 3% of 50-day high | Healthy bullish RSI | MACD bullish | Positive MACD histogram | Moderate trend | Positive directional movement | ATR contracting | Positive 20-day momentum | Good liquidity,
WAT,2026-08-27,82,421.26,406.21,385.78,359.86,64.9,25.4,2.89,0.87,11.7,1.04,4.09,10.77,13.26,0.11,0.11,342.92,Price above SMA200 | Price above SMA50 | SMA20 > SMA50 > SMA200 | SMA20 rising | SMA50 rising | Within 3% of 20-day high | Within 3% of 50-day high | Healthy bullish RSI | Strong trend (ADX > 25) | Positive directional movement | Volume contracting | Bollinger Bands compressed | Positive 20-day momentum | Good liquidity,
GIS,2026-08-27,82,40.44,38.26,36.88,39.03,63.0,24.9,2.8,1.06,17.42,0.76,2.1,11.04,24.4,1.56,1.56,307.56,Price above SMA200 | Price above SMA50 | SMA20 rising | SMA50 rising | Within 3% of 20-day high | Within 3% of 50-day high | Healthy bullish RSI | MACD bullish | Positive MACD histogram | Moderate trend | Positive directional movement | Volume contracting | Volatility contracting | ATR contracting | Positive 20-day momentum | Good liquidity,
ABBV,2026-08-27,81,258.15,253.82,250.46,224.77,53.9,26.3,2.25,0.96,12.39,0.8,-1.41,0.29,20.7,3.42,3.61,1261.32,Price above SMA200 | Price above SMA50 | SMA20 > SMA50 > SMA200 | SMA50 rising | Within 5% of 20-day high | Within 5% of 50-day high | Positive RSI | MACD bullish | Positive MACD histogram | Strong trend (ADX > 25) | Positive directional movement | Volume contracting | Volatility contracting | ATR contracting | Positive 20-day momentum | Good liquidity,
MRSH,2026-08-27,81,190.0,190.56,181.4,176.15,53.8,34.2,2.11,1.38,5.25,0.58,-0.11,-0.79,18.39,2.98,4.47,370.73,Price above SMA200 | Price above SMA50 | SMA20 > SMA50 > SMA200 | SMA20 rising | SMA50 rising | Within 3% of 20-day high | Within 5% of 50-day high | Positive RSI | Strong trend (ADX > 25) | Positive directional movement | Volume contracting | Volatility contracting | ATR contracting | Bollinger Bands compressed | Good liquidity,
SBUX,2026-08-27,81,107.26,105.97,104.39,95.96,54.8,14.3,2.54,0.99,6.1,1.03,3.14,1.91,12.95,2.44,2.44,686.28,Price above SMA200 | Price above SMA50 | SMA20 > SMA50 > SMA200 | SMA20 rising | SMA50 rising | Within 3% of 20-day high | Within 3% of 50-day high | Positive RSI | MACD bullish | Positive MACD histogram | Positive directional movement | Volume contracting | Bollinger Bands compressed | Positive 20-day momentum | Good liquidity,
WTW,2026-08-27,81,339.58,339.21,306.15,298.22,59.8,41.1,2.31,0.96,6.95,0.66,-0.46,1.05,32.92,3.51,3.51,183.39,Price above SMA200 | Price above SMA50 | SMA20 > SMA50 > SMA200 | SMA20 rising | SMA50 rising | Within 5% of 20-day high | Within 5% of 50-day high | Healthy bullish RSI | Strong trend (ADX > 25) | Positive directional movement | Volume contracting | Volatility contracting | Bollinger Bands compressed | Positive 20-day momentum | Good liquidity,
WAB,2026-08-27,80,297.28,296.03,282.11,251.37,56.6,17.4,2.14,0.7,3.74,0.51,1.7,1.75,12.5,2.28,3.04,263.39,Price above SMA200 | Price above SMA50 | SMA20 > SMA50 > SMA200 | SMA20 rising | SMA50 rising | Within 3% of 20-day high | Within 5% of 50-day high | Healthy bullish RSI | Positive directional movement | Volume contracting | Volatility contracting | ATR contracting | Bollinger Bands compressed | Positive 20-day momentum | Good liquidity,
MTD,2026-08-27,80,1407.43,1418.06,1336.45,1320.87,56.5,24.9,2.57,0.85,4.42,0.69,1.02,1.94,20.29,4.74,4.74,244.42,Price above SMA200 | Price above SMA50 | SMA20 > SMA50 > SMA200 | SMA20 rising | SMA50 rising | Within 5% of 20-day high | Within 5% of 50-day high | Healthy bullish RSI | Moderate trend | Positive directional movement | Volume contracting | Volatility contracting | ATR contracting | Bollinger Bands compressed | Positive 20-day momentum | Good liquidity,
SYF,2026-08-27,80,79.93,79.15,76.32,74.39,56.5,15.7,2.49,1.02,6.97,0.72,4.2,4.02,13.11,2.49,2.49,248.53,Price above SMA200 | Price above SMA50 | SMA20 > SMA50 > SMA200 | SMA20 rising | SMA50 rising | Within 3% of 20-day high | Within 3% of 50-day high | Healthy bullish RSI | Positive directional movement | Volatility contracting | ATR contracting | Bollinger Bands compressed | Positive 20-day momentum | Good liquidity,
A,2026-08-27,80,157.69,148.93,139.53,131.08,70.3,33.1,2.78,1.62,16.83,0.91,0.89,13.68,16.99,1.79,1.79,297.93,Price above SMA200 | Price above SMA50 | SMA20 > SMA50 > SMA200 | SMA20 rising | SMA50 rising | Within 3% of 20-day high | Within 3% of 50-day high | MACD bullish | Positive MACD histogram | Strong trend (ADX > 25) | Positive directional movement | ATR contracting | Positive 20-day momentum | Good liquidity,
COP,2026-08-27,80,129.52,125.43,116.47,109.94,60.7,27.9,2.41,0.96,20.53,0.97,-3.98,9.54,11.56,4.91,4.91,870.57,Price above SMA200 | Price above SMA50 | SMA20 > SMA50 > SMA200 | SMA20 rising | SMA50 rising | Within 5% of 20-day high | Within 5% of 50-day high | Healthy bullish RSI | MACD bullish | Positive MACD histogram | Strong trend (ADX > 25) | Positive directional movement | Volume contracting | Positive 20-day momentum | Good liquidity,
AJG,2026-08-27,79,260.15,255.26,247.85,232.79,54.9,23.1,2.98,0.74,11.22,0.74,0.21,1.44,26.85,4.86,4.86,336.21,Price above SMA200 | Price above SMA50 | SMA20 > SMA50 > SMA200 | SMA20 rising | SMA50 rising | Within 5% of 20-day high | Within 5% of 50-day high | Positive RSI | MACD bullish | Positive MACD histogram | Moderate trend | Positive directional movement | Volume contracting | Volatility contracting | Positive 20-day momentum | Good liquidity,
CMCSA,2026-08-27,79,26.41,25.84,24.3,26.37,58.4,30.6,2.6,0.9,13.83,0.7,-0.04,11.58,7.73,3.56,3.56,589.18,Price above SMA200 | Price above SMA50 | SMA20 rising | SMA50 rising | Within 5% of 20-day high | Within 5% of 50-day high | Healthy bullish RSI | MACD bullish | Positive MACD histogram | Strong trend (ADX > 25) | Positive directional movement | Volume contracting | Volatility contracting | ATR contracting | Positive 20-day momentum | Good liquidity,
PCG,2026-08-27,79,17.95,17.61,17.38,16.77,54.5,26.7,2.89,1.08,8.35,1.09,-0.06,0.96,8.64,2.56,2.73,448.19,Price above SMA200 | Price above SMA50 | SMA20 > SMA50 > SMA200 | SMA50 rising | Within 3% of 20-day high | Within 3% of 50-day high | Positive RSI | MACD bullish | Positive MACD histogram | Strong trend (ADX > 25) | Positive directional movement | Volume contracting | Positive 20-day momentum | Good liquidity,
DHR,2026-08-27,79,215.68,206.56,198.16,202.45,63.3,22.2,2.97,0.85,14.57,0.72,-0.11,9.95,22.72,2.31,2.31,707.45,Price above SMA200 | Price above SMA50 | SMA20 rising | SMA50 rising | Within 3% of 20-day high | Within 3% of 50-day high | Healthy bullish RSI | MACD bullish | Positive MACD histogram | Moderate trend | Positive directional movement | Volume contracting | Volatility contracting | Positive 20-day momentum | Good liquidity,
LH,2026-08-27,78,336.54,324.05,298.02,272.82,72.0,29.5,2.29,1.11,11.87,0.7,1.12,6.66,30.59,0.96,0.96,195.96,Price above SMA200 | Price above SMA50 | SMA20 > SMA50 > SMA200 | SMA20 rising | SMA50 rising | Within 3% of 20-day high | Within 3% of 50-day high | Strong trend (ADX > 25) | Positive directional movement | Volume contracting | Volatility contracting | Positive 20-day momentum | Good liquidity,
DXCM,2026-08-27,78,89.29,88.33,78.84,69.95,60.5,31.1,3.0,0.55,12.53,1.15,-1.03,19.79,21.57,3.7,3.7,482.03,Price above SMA200 | Price above SMA50 | SMA20 > SMA50 > SMA200 | SMA20 rising | SMA50 rising | Within 5% of 20-day high | Within 5% of 50-day high | Healthy bullish RSI | Strong trend (ADX > 25) | Positive directional movement | Volume contracting | ATR contracting | Bollinger Bands compressed | Positive 20-day momentum | Good liquidity,
EG,2026-08-27,78,377.66,370.7,368.79,338.91,56.0,12.3,2.06,0.93,4.95,0.67,2.52,0.61,18.43,2.99,6.2,103.51,Price above SMA200 | Price above SMA50 | SMA20 > SMA50 > SMA200 | SMA50 rising | Within 3% of 20-day high | Healthy bullish RSI | MACD bullish | Positive MACD histogram | Positive directional movement | Volume contracting | Volatility contracting | ATR contracting | Bollinger Bands compressed | Positive 20-day momentum | Good liquidity,
VLO,2026-08-27,78,346.59,330.07,299.96,232.36,65.3,31.1,3.08,0.79,22.22,0.91,1.49,11.62,34.72,1.85,1.85,809.73,Price above SMA200 | Price above SMA50 | SMA20 > SMA50 > SMA200 | SMA20 rising | SMA50 rising | Within 3% of 20-day high | Within 3% of 50-day high | Healthy bullish RSI | Strong trend (ADX > 25) | Positive directional movement | Volume contracting | Positive 20-day momentum | Good liquidity,
EQIX,2026-08-27,77,1076.45,1060.09,1049.0,945.14,55.2,11.3,2.96,0.88,8.53,0.84,-0.57,3.25,0.91,2.55,3.92,616.53,Price above SMA200 | Price above SMA50 | SMA20 > SMA50 > SMA200 | SMA20 rising | Within 3% of 20-day high | Within 5% of 50-day high | Healthy bullish RSI | MACD bullish | Positive MACD histogram | Positive directional movement | Volume contracting | Volatility contracting | Positive 20-day momentum | Good liquidity,
BR,2026-08-27,77,183.08,172.02,156.04,176.96,68.2,36.0,2.9,0.72,19.91,1.05,2.57,18.29,19.05,2.09,2.09,239.11,Price above SMA200 | Price above SMA50 | SMA20 rising | SMA50 rising | Within 3% of 20-day high | Within 3% of 50-day high | Healthy bullish RSI | MACD bullish | Positive MACD histogram | Strong trend (ADX > 25) | Positive directional movement | Volume contracting | Positive 20-day momentum | Good liquidity,
WBD,2026-08-27,77,28.88,27.58,26.9,27.12,70.3,32.8,1.54,0.67,15.18,0.85,2.3,13.39,6.25,0.35,0.35,562.8,Price above SMA200 | Price above SMA50 | SMA20 rising | SMA50 rising | Within 3% of 20-day high | Within 3% of 50-day high | MACD bullish | Positive MACD histogram | Strong trend (ADX > 25) | Positive directional movement | Volume contracting | Volatility contracting | Positive 20-day momentum | Good liquidity,
RMD,2026-08-27,77,235.76,224.66,209.75,227.59,66.4,21.0,2.83,1.01,13.29,0.89,3.2,13.37,29.33,1.11,1.11,350.98,Price above SMA200 | Price above SMA50 | SMA20 rising | SMA50 rising | Within 3% of 20-day high | Within 3% of 50-day high | Healthy bullish RSI | MACD bullish | Positive MACD histogram | Moderate trend | Positive directional movement | Volume contracting | Bollinger Bands compressed | Positive 20-day momentum | Good liquidity,
AES,2026-08-27,76,14.75,14.72,14.62,14.27,59.4,30.6,0.33,0.97,0.72,0.87,-0.14,0.52,1.68,0.27,0.27,109.66,Price above SMA200 | Price above SMA50 | SMA20 > SMA50 > SMA200 | SMA50 rising | Within 3% of 20-day high | Within 3% of 50-day high | Healthy bullish RSI | Strong trend (ADX > 25) | Positive directional movement | ATR contracting | Bollinger Bands compressed | Positive 20-day momentum | Good liquidity,
CHD,2026-08-27,76,102.37,101.08,98.7,93.92,57.6,10.6,2.24,0.89,7.64,0.99,5.09,5.12,6.8,1.59,1.59,179.71,Price above SMA200 | Price above SMA50 | SMA20 > SMA50 > SMA200 | SMA20 rising | SMA50 rising | Within 3% of 20-day high | Within 3% of 50-day high | Healthy bullish RSI | MACD bullish | Positive MACD histogram | Volume contracting | Positive 20-day momentum | Good liquidity,
OKE,2026-08-27,76,94.72,91.99,89.99,82.42,58.0,14.2,2.55,0.68,13.73,1.04,0.13,7.61,10.53,3.36,3.36,342.7,Price above SMA200 | Price above SMA50 | SMA20 > SMA50 > SMA200 | SMA20 rising | SMA50 rising | Within 5% of 20-day high | Within 5% of 50-day high | Healthy bullish RSI | MACD bullish | Positive MACD histogram | Positive directional movement | Volume contracting | ATR contracting | Positive 20-day momentum | Good liquidity,
MRK,2026-08-27,76,149.54,138.58,130.79,115.62,64.6,42.5,2.94,0.76,29.48,1.29,0.37,15.22,30.23,4.94,4.94,1585.9,Price above SMA200 | Price above SMA50 | SMA20 > SMA50 > SMA200 | SMA20 rising | SMA50 rising | Within 5% of 20-day high | Within 5% of 50-day high | Healthy bullish RSI | MACD bullish | Positive MACD histogram | Strong trend (ADX > 25) | Positive directional movement | Positive 20-day momentum | Good liquidity,
MSFT,2026-08-27,75,505.06,490.26,427.27,429.34,70.9,35.5,2.37,0.95,8.09,0.6,4.97,12.17,14.66,1.53,1.53,14707.46,Price above SMA200 | Price above SMA50 | SMA20 rising | SMA50 rising | Within 3% of 20-day high | Within 3% of 50-day high | Strong trend (ADX > 25) | Positive directional movement | Volume contracting | Volatility contracting | ATR contracting | Bollinger Bands compressed | Positive 20-day momentum | Good liquidity,
AWK,2026-08-27,75,136.69,135.51,132.99,129.61,53.5,13.2,2.23,1.05,6.34,0.93,-0.38,0.58,11.25,2.65,2.65,304.78,Price above SMA200 | Price above SMA50 | SMA20 > SMA50 > SMA200 | SMA20 rising | SMA50 rising | Within 3% of 20-day high | Within 3% of 50-day high | Positive RSI | Positive directional movement | Volume contracting | ATR contracting | Bollinger Bands compressed | Positive 20-day momentum | Good liquidity,
HAS,2026-08-27,75,94.18,93.8,87.52,87.78,55.8,27.6,2.53,0.57,8.12,0.7,0.66,0.38,13.12,4.27,4.27,151.79,Price above SMA200 | Price above SMA50 | SMA20 rising | SMA50 rising | Within 5% of 20-day high | Within 5% of 50-day high | Healthy bullish RSI | Strong trend (ADX > 25) | Positive directional movement | Volume contracting | Volatility contracting | ATR contracting | Bollinger Bands compressed | Positive 20-day momentum | Good liquidity,
GPN,2026-08-27,75,92.74,90.01,81.6,74.85,62.2,42.9,3.03,0.68,14.61,0.87,0.5,6.79,25.75,3.39,3.39,282.15,Price above SMA200 | Price above SMA50 | SMA20 > SMA50 > SMA200 | SMA20 rising | SMA50 rising | Within 5% of 20-day high | Within 5% of 50-day high | Healthy bullish RSI | Strong trend (ADX > 25) | Positive directional movement | Volume contracting | Bollinger Bands compressed | Positive 20-day momentum | Good liquidity,
FAST,2026-08-27,75,51.14,50.85,48.16,44.71,58.8,23.8,2.1,0.82,9.32,0.88,0.95,9.6,14.96,3.48,3.48,351.38,Price above SMA200 | Price above SMA50 | SMA20 > SMA50 > SMA200 | SMA20 rising | SMA50 rising | Within 5% of 20-day high | Within 5% of 50-day high | Healthy bullish RSI | Moderate trend | Positive directional movement | Volume contracting | ATR contracting | Bollinger Bands compressed | Positive 20-day momentum | Good liquidity,
ACN,2026-08-27,75,187.38,177.41,154.38,201.46,65.1,23.6,4.05,0.88,15.07,0.54,3.33,14.75,1.83,0.57,0.57,989.73,Price above SMA50 | SMA20 rising | SMA50 rising | Within 3% of 20-day high | Within 3% of 50-day high | Healthy bullish RSI | MACD bullish | Positive MACD histogram | Moderate trend | Positive directional movement | Volume contracting | Volatility contracting | Bollinger Bands compressed | Positive 20-day momentum | Good liquidity,
RJF,2026-08-27,74,176.11,177.96,169.58,159.02,52.7,21.7,2.19,0.75,5.24,0.79,2.18,0.65,20.43,3.76,3.76,168.98,Price above SMA200 | Price above SMA50 | SMA20 > SMA50 > SMA200 | SMA20 rising | SMA50 rising | Within 5% of 20-day high | Within 5% of 50-day high | Positive RSI | Moderate trend | Volume contracting | Volatility contracting | ATR contracting | Bollinger Bands compressed | Positive 20-day momentum | Good liquidity,
SLB,2026-08-27,74,55.01,52.55,49.6,48.15,64.2,24.7,2.95,1.57,12.45,0.8,2.73,12.47,-2.23,-0.2,-0.2,508.41,Price above SMA200 | Price above SMA50 | SMA20 > SMA50 > SMA200 | SMA20 rising | Healthy bullish RSI | MACD bullish | Positive MACD histogram | Moderate trend | Positive directional movement | Volume contracting | Volatility contracting | ATR contracting | Bollinger Bands compressed | Positive 20-day momentum | Good liquidity,
TRMB,2026-08-27,74,61.54,58.6,54.83,65.37,63.9,28.2,3.27,0.79,10.21,0.96,3.12,7.85,6.58,0.75,0.75,161.43,Price above SMA50 | SMA20 rising | SMA50 rising | Within 3% of 20-day high | Within 3% of 50-day high | Healthy bullish RSI | MACD bullish | Positive MACD histogram | Strong trend (ADX > 25) | Positive directional movement | Volume contracting | Bollinger Bands compressed | Positive 20-day momentum | Good liquidity,
FOX,2026-08-27,74,60.4,58.03,52.56,56.82,61.9,40.1,2.69,1.69,24.94,1.06,-0.08,15.4,2.98,4.19,4.19,57.97,Price above SMA200 | Price above SMA50 | SMA20 rising | SMA50 rising | Within 5% of 20-day high | Within 5% of 50-day high | Healthy bullish RSI | MACD bullish | Positive MACD histogram | Strong trend (ADX > 25) | Positive directional movement | Volume contracting | ATR contracting | Positive 20-day momentum | Good liquidity,
SJM,2026-08-27,74,131.84,120.99,116.32,104.19,72.1,24.0,2.82,1.69,14.91,0.87,7.14,8.89,32.45,2.28,2.28,154.66,Price above SMA200 | Price above SMA50 | SMA20 > SMA50 > SMA200 | SMA20 rising | SMA50 rising | Within 3% of 20-day high | Within 3% of 50-day high | MACD bullish | Positive MACD histogram | Moderate trend | Positive directional movement | Positive 20-day momentum | Good liquidity,
KVUE,2026-08-27,73,19.2,19.08,18.95,17.51,53.3,18.4,2.0,0.69,4.38,0.92,1.43,0.54,12.09,1.87,3.69,408.43,Price above SMA200 | Price above SMA50 | SMA20 > SMA50 > SMA200 | SMA50 rising | Within 3% of 20-day high | Within 5% of 50-day high | Positive RSI | MACD bullish | Positive MACD histogram | Positive directional movement | Volume contracting | Bollinger Bands compressed | Positive 20-day momentum | Good liquidity,
WELL,2026-08-27,73,239.6,235.45,233.58,208.14,56.1,16.1,1.98,0.82,6.57,0.87,0.93,2.07,23.11,1.44,6.11,688.11,Price above SMA200 | Price above SMA50 | SMA20 > SMA50 > SMA200 | SMA50 rising | Within 3% of 20-day high | Healthy bullish RSI | MACD bullish | Positive MACD histogram | Positive directional movement | Volume contracting | ATR contracting | Bollinger Bands compressed | Positive 20-day momentum | Good liquidity,
EFX,2026-08-27,73,190.36,183.63,174.24,187.73,59.0,19.0,3.35,0.63,15.01,0.73,-1.07,8.08,8.09,3.2,3.2,199.89,Price above SMA200 | Price above SMA50 | SMA20 rising | SMA50 rising | Within 5% of 20-day high | Within 5% of 50-day high | Healthy bullish RSI | MACD bullish | Positive MACD histogram | Positive directional movement | Volume contracting | Volatility contracting | ATR contracting | Positive 20-day momentum | Good liquidity,
CDW,2026-08-27,73,148.97,139.47,136.59,130.17,60.7,19.9,4.63,1.05,16.32,1.16,12.09,2.83,7.13,3.22,3.22,275.57,Price above SMA200 | Price above SMA50 | SMA20 > SMA50 > SMA200 | SMA50 rising | Within 5% of 20-day high | Within 5% of 50-day high | Healthy bullish RSI | MACD bullish | Positive MACD histogram | Positive directional movement | Volume contracting | Bollinger Bands compressed | Positive 20-day momentum | Good liquidity,
CRL,2026-08-27,73,296.41,276.31,242.92,196.54,73.9,51.7,3.39,0.93,30.6,1.01,1.7,26.34,69.58,1.41,1.41,269.28,Price above SMA200 | Price above SMA50 | SMA20 > SMA50 > SMA200 | SMA20 rising | SMA50 rising | Within 3% of 20-day high | Within 3% of 50-day high | Strong trend (ADX > 25) | Positive directional movement | Volume contracting | Positive 20-day momentum | Good liquidity,
LITE,2026-08-27,73,956.14,864.88,813.76,666.17,58.5,11.2,8.04,0.81,28.17,1.0,8.74,37.92,-7.09,4.55,4.55,4395.37,Price above SMA200 | Price above SMA50 | SMA20 > SMA50 > SMA200 | SMA20 rising | Within 5% of 20-day high | Within 5% of 50-day high | Healthy bullish RSI | MACD bullish | Positive MACD histogram | Positive directional movement | Volume contracting | Bollinger Bands compressed | Positive 20-day momentum | Good liquidity,
NWSA,2026-08-27,73,31.19,29.33,27.8,26.04,71.3,36.3,2.4,1.49,13.83,0.85,5.19,11.04,18.1,-0.29,-0.29,113.84,Price above SMA200 | Price above SMA50 | SMA20 > SMA50 > SMA200 | SMA20 rising | SMA50 rising | MACD bullish | Positive MACD histogram | Strong trend (ADX > 25) | Positive directional movement | Volume contracting | Volatility contracting | ATR contracting | Positive 20-day momentum | Good liquidity,
CVX,2026-08-27,72,199.77,196.74,185.68,176.46,58.4,27.2,1.97,1.0,13.32,1.02,-2.92,4.79,7.45,4.61,4.61,1588.96,Price above SMA200 | Price above SMA50 | SMA20 > SMA50 > SMA200 | SMA20 rising | SMA50 rising | Within 5% of 20-day high | Within 5% of 50-day high | Healthy bullish RSI | Strong trend (ADX > 25) | Positive directional movement | Volume contracting | Positive 20-day momentum | Good liquidity,
HCA,2026-08-27,72,419.34,413.1,399.68,452.67,56.2,23.3,2.77,0.82,8.57,0.69,3.22,5.95,14.38,4.09,4.09,490.16,Price above SMA50 | SMA20 rising | SMA50 rising | Within 5% of 20-day high | Within 5% of 50-day high | Healthy bullish RSI | MACD bullish | Positive MACD histogram | Moderate trend | Positive directional movement | Volume contracting | Volatility contracting | ATR contracting | Bollinger Bands compressed | Positive 20-day momentum | Good liquidity,
PANW,2026-08-27,72,382.85,364.87,341.63,228.81,60.4,23.3,4.59,1.33,19.54,1.11,9.52,17.55,28.83,4.19,4.19,2012.42,Price above SMA200 | Price above SMA50 | SMA20 > SMA50 > SMA200 | SMA20 rising | SMA50 rising | Within 5% of 20-day high | Within 5% of 50-day high | Healthy bullish RSI | Moderate trend | Positive directional movement | Volume contracting | Bollinger Bands compressed | Positive 20-day momentum | Good liquidity,
BX,2026-08-27,72,143.64,140.92,129.55,128.5,59.9,28.5,2.86,0.67,14.96,1.07,1.62,13.3,26.28,4.59,4.59,561.52,Price above SMA200 | Price above SMA50 | SMA20 > SMA50 > SMA200 | SMA20 rising | SMA50 rising | Within 5% of 20-day high | Within 5% of 50-day high | Healthy bullish RSI | Strong trend (ADX > 25) | Positive directional movement | Volume contracting | Positive 20-day momentum | Good liquidity,
JPM,2026-08-27,71,354.22,357.82,346.4,314.8,51.0,12.9,1.67,0.92,4.56,0.68,0.76,0.96,18.23,3.47,3.47,2031.95,Price above SMA200 | Price above SMA50 | SMA20 > SMA50 > SMA200 | SMA20 rising | SMA50 rising | Within 5% of 20-day high | Within 5% of 50-day high | Positive RSI | Volume contracting | Volatility contracting | ATR contracting | Bollinger Bands compressed | Positive 20-day momentum | Good liquidity,
JKHY,2026-08-27,71,169.64,159.41,150.13,159.05,65.1,29.1,3.1,0.68,18.28,0.94,2.76,9.98,24.71,3.15,3.15,155.33,Price above SMA200 | Price above SMA50 | SMA20 rising | SMA50 rising | Within 5% of 20-day high | Within 5% of 50-day high | Healthy bullish RSI | MACD bullish | Positive MACD histogram | Strong trend (ADX > 25) | Positive directional movement | Volume contracting | Positive 20-day momentum | Good liquidity,
PRU,2026-08-27,71,120.37,121.06,116.31,104.94,53.3,30.8,1.91,0.73,4.49,0.83,0.97,-0.82,18.54,4.9,4.9,221.65,Price above SMA200 | Price above SMA50 | SMA20 > SMA50 > SMA200 | SMA50 rising | Within 5% of 20-day high | Within 5% of 50-day high | Positive RSI | Strong trend (ADX > 25) | Positive directional movement | Volume contracting | Volatility contracting | Bollinger Bands compressed | Good liquidity,
RSG,2026-08-27,71,219.27,215.59,215.75,213.62,54.4,20.3,1.84,1.28,8.83,0.69,-0.1,3.76,9.04,2.26,4.08,299.18,Price above SMA200 | Price above SMA50 | SMA50 rising | Within 3% of 20-day high | Within 5% of 50-day high | Positive RSI | MACD bullish | Positive MACD histogram | Moderate trend | Positive directional movement | Volume contracting | Volatility contracting | ATR contracting | Positive 20-day momentum | Good liquidity,
MCK,2026-08-27,71,890.51,868.23,829.84,840.56,57.7,21.6,2.86,1.09,9.66,1.05,6.17,2.89,20.87,3.09,3.09,885.34,Price above SMA200 | Price above SMA50 | SMA20 rising | SMA50 rising | Within 5% of 20-day high | Within 5% of 50-day high | Healthy bullish RSI | MACD bullish | Positive MACD histogram | Moderate trend | Positive directional movement | Volume contracting | Bollinger Bands compressed | Positive 20-day momentum | Good liquidity,
CTAS,2026-08-27,71,204.15,202.75,193.13,185.46,55.7,26.5,2.06,0.69,4.47,0.49,0.31,-1.02,18.1,3.12,7.08,375.18,Price above SMA200 | Price above SMA50 | SMA20 > SMA50 > SMA200 | SMA50 rising | Within 5% of 20-day high | Healthy bullish RSI | Strong trend (ADX > 25) | Positive directional movement | Volume contracting | Volatility contracting | ATR contracting | Bollinger Bands compressed | Good liquidity,
SCHW,2026-08-27,71,108.05,109.12,102.76,96.42,51.7,43.7,2.12,1.39,8.66,0.8,-1.58,3.87,23.69,6.0,6.0,792.34,Price above SMA200 | Price above SMA50 | SMA20 > SMA50 > SMA200 | SMA20 rising | SMA50 rising | Positive RSI | Strong trend (ADX > 25) | Positive directional movement | Volume contracting | Volatility contracting | ATR contracting | Bollinger Bands compressed | Positive 20-day momentum | Good liquidity,
DIS,2026-08-27,71,106.82,104.66,100.44,103.35,56.8,29.1,2.22,0.89,14.98,1.0,-0.47,11.09,6.14,4.73,4.73,1019.41,Price above SMA200 | Price above SMA50 | SMA20 rising | SMA50 rising | Within 5% of 20-day high | Within 5% of 50-day high | Healthy bullish RSI | MACD bullish | Positive MACD histogram | Strong trend (ADX > 25) | Positive directional movement | Volume contracting | Positive 20-day momentum | Good liquidity,
CEG,2026-08-27,70,282.41,273.11,264.44,297.29,60.7,18.0,3.12,0.68,9.13,0.92,3.48,7.32,3.74,1.47,1.47,706.32,Price above SMA50 | SMA20 rising | SMA50 rising | Within 3% of 20-day high | Within 3% of 50-day high | Healthy bullish RSI | MACD bullish | Positive MACD histogram | Positive directional movement | Volume contracting | ATR contracting | Bollinger Bands compressed | Positive 20-day momentum | Good liquidity,
IBKR,2026-08-27,70,96.55,91.33,92.19,78.08,59.1,12.8,3.32,1.16,14.21,0.92,7.46,6.71,8.83,2.28,2.28,404.2,Price above SMA200 | Price above SMA50 | SMA20 rising | SMA50 rising | Within 3% of 20-day high | Within 3% of 50-day high | Healthy bullish RSI | MACD bullish | Positive MACD histogram | Positive directional movement | ATR contracting | Positive 20-day momentum | Good liquidity,
BALL,2026-08-27,70,63.37,63.14,62.47,58.4,52.9,16.2,2.13,0.86,6.71,0.68,1.21,-2.97,17.9,4.39,6.6,111.61,Price above SMA200 | Price above SMA50 | SMA20 > SMA50 > SMA200 | SMA50 rising | Within 5% of 20-day high | Positive RSI | MACD bullish | Positive MACD histogram | Positive directional movement | Volume contracting | Volatility contracting | ATR contracting | Bollinger Bands compressed | Good liquidity,
PM,2026-08-27,70,190.48,189.06,186.67,171.49,51.9,19.1,2.45,0.87,5.31,0.75,-0.54,-0.79,10.59,3.24,9.07,868.78,Price above SMA200 | Price above SMA50 | SMA20 > SMA50 > SMA200 | SMA50 rising | Within 5% of 20-day high | Positive RSI | MACD bullish | Positive MACD histogram | Positive directional movement | Volume contracting | Volatility contracting | ATR contracting | Bollinger Bands compressed | Good liquidity,
COF,2026-08-27,69,216.67,218.58,209.38,205.96,52.8,15.8,2.31,0.85,6.99,0.96,1.97,3.47,18.27,4.92,4.92,670.54,Price above SMA200 | Price above SMA50 | SMA20 > SMA50 > SMA200 | SMA20 rising | SMA50 rising | Within 5% of 20-day high | Within 5% of 50-day high | Positive RSI | Positive directional movement | Volume contracting | ATR contracting | Bollinger Bands compressed | Positive 20-day momentum | Good liquidity,
SW,2026-08-27,69,48.63,48.21,46.25,41.32,53.8,12.5,3.18,1.44,9.25,0.81,0.91,3.27,16.18,3.89,5.94,213.99,Price above SMA200 | Price above SMA50 | SMA20 > SMA50 > SMA200 | SMA20 rising | SMA50 rising | Within 5% of 20-day high | Positive RSI | Positive directional movement | Volume contracting | Volatility contracting | ATR contracting | Bollinger Bands compressed | Positive 20-day momentum | Good liquidity,
EMR,2026-08-27,68,157.71,158.4,148.48,141.05,55.3,29.4,2.49,0.61,9.13,0.98,1.93,6.46,11.42,5.12,5.12,443.44,Price above SMA200 | Price above SMA50 | SMA20 > SMA50 > SMA200 | SMA20 rising | SMA50 rising | Healthy bullish RSI | Strong trend (ADX > 25) | Positive directional movement | Volume contracting | ATR contracting | Bollinger Bands compressed | Positive 20-day momentum | Good liquidity,
ABNB,2026-08-27,68,184.4,176.38,157.8,137.51,63.9,43.5,2.93,0.87,33.64,1.35,-0.32,21.25,37.25,4.91,4.91,977.87,Price above SMA200 | Price above SMA50 | SMA20 > SMA50 > SMA200 | SMA20 rising | SMA50 rising | Within 5% of 20-day high | Within 5% of 50-day high | Healthy bullish RSI | Strong trend (ADX > 25) | Positive directional movement | Positive 20-day momentum | Good liquidity,
ERIE,2026-08-27,68,259.44,255.12,242.04,252.84,55.8,20.4,3.86,0.89,12.3,0.68,-1.09,11.03,25.72,4.64,4.64,65.94,Price above SMA200 | Price above SMA50 | SMA20 rising | SMA50 rising | Within 5% of 20-day high | Within 5% of 50-day high | Healthy bullish RSI | Moderate trend | Positive directional movement | Volume contracting | Volatility contracting | Bollinger Bands compressed | Positive 20-day momentum | Good liquidity,
NEM,2026-08-27,68,132.29,117.26,103.91,107.11,72.0,39.2,3.36,0.83,42.47,1.1,3.64,38.15,20.81,2.27,2.27,911.22,Price above SMA200 | Price above SMA50 | SMA20 rising | SMA50 rising | Within 3% of 20-day high | Within 3% of 50-day high | MACD bullish | Positive MACD histogram | Strong trend (ADX > 25) | Positive directional movement | Positive 20-day momentum | Good liquidity,
EXE,2026-08-27,67,98.0,94.86,91.14,100.42,63.0,14.4,2.53,0.87,8.47,0.96,2.01,6.67,7.7,0.33,0.33,253.25,Price above SMA50 | SMA20 rising | SMA50 rising | Within 3% of 20-day high | Within 3% of 50-day high | Healthy bullish RSI | MACD bullish | Positive MACD histogram | Positive directional movement | Volume contracting | Bollinger Bands compressed | Positive 20-day momentum | Good liquidity,
CVNA,2026-08-27,67,74.09,70.81,67.83,72.76,56.3,11.3,5.19,0.46,19.52,0.97,3.59,20.59,12.94,3.66,3.66,640.3,Price above SMA200 | Price above SMA50 | SMA20 rising | SMA50 rising | Within 5% of 20-day high | Within 5% of 50-day high | Healthy bullish RSI | MACD bullish | Positive MACD histogram | Positive directional movement | Volume contracting | ATR contracting | Positive 20-day momentum | Good liquidity,
KMB,2026-08-27,67,109.98,109.6,109.26,101.54,51.6,17.0,2.29,0.97,4.88,0.91,1.19,-0.19,14.36,2.47,6.22,379.68,Price above SMA200 | Price above SMA50 | SMA20 > SMA50 > SMA200 | SMA50 rising | Within 3% of 20-day high | Positive RSI | MACD bullish | Positive MACD histogram | Positive directional movement | Volume contracting | ATR contracting | Bollinger Bands compressed | Good liquidity,
HOOD,2026-08-27,67,109.76,97.34,101.38,95.57,60.3,20.3,5.53,0.73,28.86,1.0,15.42,26.74,24.5,2.45,9.38,1850.22,Price above SMA200 | Price above SMA50 | SMA20 rising | SMA50 rising | Within 3% of 20-day high | Healthy bullish RSI | MACD bullish | Positive MACD histogram | Moderate trend | Positive directional movement | ATR contracting | Bollinger Bands compressed | Positive 20-day momentum | Good liquidity,
DLR,2026-08-27,66,192.1,193.43,187.49,176.71,51.1,16.0,2.71,0.61,6.19,0.64,-1.13,-0.56,3.27,4.92,8.0,368.61,Price above SMA200 | Price above SMA50 | SMA20 > SMA50 > SMA200 | SMA20 rising | SMA50 rising | Within 5% of 20-day high | Positive RSI | Positive directional movement | Volume contracting | Volatility contracting | ATR contracting | Bollinger Bands compressed | Good liquidity,
ADBE,2026-08-27,66,289.15,266.2,238.27,269.37,67.9,24.4,3.76,1.5,14.32,0.84,6.22,16.64,10.32,-3.51,-3.51,1156.92,Price above SMA200 | Price above SMA50 | SMA20 rising | SMA50 rising | Healthy bullish RSI | MACD bullish | Positive MACD histogram | Moderate trend | Positive directional movement | Volume contracting | Volatility contracting | Bollinger Bands compressed | Positive 20-day momentum | Good liquidity,
MRNA,2026-08-27,66,142.77,90.88,75.26,51.2,65.6,43.1,10.54,0.85,191.06,1.56,7.09,146.5,212.82,23.74,23.74,4211.05,Price above SMA200 | Price above SMA50 | SMA20 > SMA50 > SMA200 | SMA20 rising | SMA50 rising | Healthy bullish RSI | MACD bullish | Positive MACD histogram | Strong trend (ADX > 25) | Positive directional movement | Positive 20-day momentum | Good liquidity,
DVN,2026-08-27,66,47.12,45.94,44.13,42.77,56.3,15.2,2.75,0.63,17.72,1.1,-4.42,6.68,2.67,5.52,5.52,472.58,Price above SMA200 | Price above SMA50 | SMA20 > SMA50 > SMA200 | SMA20 rising | SMA50 rising | Healthy bullish RSI | MACD bullish | Positive MACD histogram | Positive directional movement | Volume contracting | ATR contracting | Positive 20-day momentum | Good liquidity,
ELV,2026-08-27,66,399.11,394.31,394.75,354.84,53.1,9.9,2.54,0.63,7.63,0.62,0.71,6.03,3.01,2.8,9.3,354.95,Price above SMA200 | Price above SMA50 | SMA20 rising | Within 3% of 20-day high | Positive RSI | MACD bullish | Positive MACD histogram | Positive directional movement | Volume contracting | Volatility contracting | ATR contracting | Bollinger Bands compressed | Positive 20-day momentum | Good liquidity,
EW,2026-08-27,66,89.95,90.56,89.32,84.8,50.4,22.9,2.26,1.0,7.44,0.92,0.13,3.49,2.61,4.4,7.05,277.73,Price above SMA200 | Price above SMA50 | SMA20 > SMA50 > SMA200 | SMA20 rising | SMA50 rising | Within 5% of 20-day high | Positive RSI | Moderate trend | Positive directional movement | Volume contracting | ATR contracting | Bollinger Bands compressed | Positive 20-day momentum | Good liquidity,
BRO,2026-08-27,66,71.39,71.43,68.43,69.34,52.5,30.2,2.76,0.82,7.12,0.62,-0.96,0.97,26.45,4.73,5.69,130.51,Price above SMA200 | Price above SMA50 | SMA20 rising | SMA50 rising | Within 5% of 20-day high | Positive RSI | Strong trend (ADX > 25) | Positive directional movement | Volume contracting | Volatility contracting | ATR contracting | Bollinger Bands compressed | Positive 20-day momentum | Good liquidity,
TRGP,2026-08-27,66,288.95,278.22,273.75,232.5,56.0,22.9,3.14,0.86,21.19,1.2,-4.4,8.18,10.26,6.57,6.57,366.58,Price above SMA200 | Price above SMA50 | SMA20 > SMA50 > SMA200 | SMA20 rising | SMA50 rising | Healthy bullish RSI | MACD bullish | Positive MACD histogram | Moderate trend | Positive directional movement | Volume contracting | Positive 20-day momentum | Good liquidity,
GM,2026-08-27,66,86.18,86.91,82.47,79.19,52.7,18.9,2.52,1.53,6.78,0.78,0.03,-2.51,5.67,4.78,6.58,431.6,Price above SMA200 | Price above SMA50 | SMA20 > SMA50 > SMA200 | SMA20 rising | SMA50 rising | Within 5% of 20-day high | Positive RSI | Positive directional movement | Volume contracting | Volatility contracting | ATR contracting | Bollinger Bands compressed | Good liquidity,
SPGI,2026-08-27,65,435.39,418.87,418.66,428.85,59.4,13.5,2.43,1.0,10.22,0.58,0.97,5.15,10.49,0.88,5.88,764.55,Price above SMA200 | Price above SMA50 | SMA50 rising | Within 3% of 20-day high | Healthy bullish RSI | MACD bullish | Positive MACD histogram | Positive directional movement | Volume contracting | Volatility contracting | ATR contracting | Positive 20-day momentum | Good liquidity,
IEX,2026-08-27,65,233.98,235.27,228.44,203.02,52.8,20.0,2.22,1.12,4.92,1.05,0.1,0.09,10.66,3.74,4.2,137.76,Price above SMA200 | Price above SMA50 | SMA20 > SMA50 > SMA200 | SMA20 rising | SMA50 rising | Within 5% of 20-day high | Within 5% of 50-day high | Positive RSI | Moderate trend | Volume contracting | Bollinger Bands compressed | Positive 20-day momentum | Good liquidity,
CPAY,2026-08-27,65,403.67,404.86,376.14,333.07,54.5,34.0,2.54,0.48,10.42,0.87,-2.02,3.47,12.19,5.52,5.52,210.83,Price above SMA200 | Price above SMA50 | SMA20 > SMA50 > SMA200 | SMA20 rising | SMA50 rising | Positive RSI | Strong trend (ADX > 25) | Positive directional movement | Volume contracting | ATR contracting | Bollinger Bands compressed | Positive 20-day momentum | Good liquidity,
GRMN,2026-08-27,65,289.87,301.16,267.3,234.72,52.5,33.6,2.63,0.76,11.18,0.55,-1.1,-2.58,20.8,8.42,8.42,258.36,Price above SMA200 | Price above SMA50 | SMA20 > SMA50 > SMA200 | SMA20 rising | SMA50 rising | Positive RSI | Strong trend (ADX > 25) | Positive directional movement | Volume contracting | Volatility contracting | Bollinger Bands compressed | Good liquidity,
BAX,2026-08-27,65,25.93,26.85,24.05,20.11,51.9,34.1,3.35,0.68,10.62,0.84,-1.82,-3.07,38.81,15.7,15.7,178.54,Price above SMA200 | Price above SMA50 | SMA20 > SMA50 > SMA200 | SMA20 rising | SMA50 rising | Positive RSI | Strong trend (ADX > 25) | Positive directional movement | Volume contracting | Volatility contracting | Bollinger Bands compressed | Good liquidity,
NTAP,2026-08-27,65,190.64,193.9,175.23,127.73,53.5,31.0,3.81,0.9,15.87,0.94,-1.13,9.58,8.87,9.66,9.66,463.14,Price above SMA200 | Price above SMA50 | SMA20 > SMA50 > SMA200 | SMA20 rising | SMA50 rising | Positive RSI | Strong trend (ADX > 25) | Positive directional movement | Volume contracting | ATR contracting | Bollinger Bands compressed | Positive 20-day momentum | Good liquidity,
EQT,2026-08-27,64,54.77,53.47,52.11,55.98,61.3,17.9,2.58,1.39,7.44,0.82,1.63,4.23,0.48,3.1,3.1,335.54,Price above SMA50 | SMA20 rising | Within 5% of 20-day high | Within 5% of 50-day high | Healthy bullish RSI | MACD bullish | Positive MACD histogram | Positive directional movement | Volume contracting | Volatility contracting | ATR contracting | Bollinger Bands compressed | Positive 20-day momentum | Good liquidity,
ROP,2026-08-27,64,422.69,402.25,373.14,375.55,70.0,32.8,2.66,1.27,9.2,0.55,2.98,8.59,25.93,-0.93,-0.93,286.56,Price above SMA200 | Price above SMA50 | SMA20 rising | SMA50 rising | MACD bullish | Positive MACD histogram | Strong trend (ADX > 25) | Positive directional movement | Volume contracting | Volatility contracting | Bollinger Bands compressed | Positive 20-day momentum | Good liquidity,
ANET,2026-08-27,64,201.09,193.63,179.87,150.16,59.2,22.7,4.46,0.6,15.62,0.86,9.44,17.58,14.69,6.86,6.86,1505.3,Price above SMA200 | Price above SMA50 | SMA20 > SMA50 > SMA200 | SMA20 rising | SMA50 rising | Healthy bullish RSI | Moderate trend | Positive directional movement | Volume contracting | ATR contracting | Bollinger Bands compressed | Positive 20-day momentum | Good liquidity,
SWK,2026-08-27,64,99.24,100.49,94.02,80.09,54.2,16.1,2.76,0.71,9.37,0.79,0.39,3.86,26.74,5.48,5.48,180.73,Price above SMA200 | Price above SMA50 | SMA20 > SMA50 > SMA200 | SMA20 rising | SMA50 rising | Positive RSI | Positive directional movement | Volume contracting | Volatility contracting | ATR contracting | Bollinger Bands compressed | Positive 20-day momentum | Good liquidity,
MET,2026-08-27,64,96.25,96.41,92.71,80.43,54.9,20.7,1.83,0.67,5.43,0.91,2.99,-0.23,16.94,4.86,4.86,322.39,Price above SMA200 | Price above SMA50 | SMA20 > SMA50 > SMA200 | SMA50 rising | Within 5% of 20-day high | Within 5% of 50-day high | Positive RSI | Moderate trend | Positive directional movement | Volume contracting | ATR contracting | Bollinger Bands compressed | Good liquidity,
PGR,2026-08-27,64,217.65,214.12,216.43,208.1,52.7,17.4,2.38,0.65,10.27,0.73,-1.22,2.05,10.63,3.25,9.98,497.23,Price above SMA200 | Price above SMA50 | SMA20 rising | SMA50 rising | Within 5% of 20-day high | Positive RSI | MACD bullish | Positive MACD histogram | Positive directional movement | Volume contracting | Volatility contracting | ATR contracting | Positive 20-day momentum | Good liquidity,
AMCR,2026-08-27,64,46.52,46.91,44.76,41.97,51.9,24.3,2.53,0.82,7.7,0.83,-2.7,3.03,21.11,5.2,5.2,186.15,Price above SMA200 | Price above SMA50 | SMA20 > SMA50 > SMA200 | SMA20 rising | SMA50 rising | Positive RSI | Moderate trend | Positive directional movement | Volume contracting | Volatility contracting | Bollinger Bands compressed | Positive 20-day momentum | Good liquidity,
FTNT,2026-08-27,64,172.78,159.83,157.01,107.69,64.7,23.2,3.91,1.51,13.98,1.21,14.58,12.01,16.07,-0.4,-0.4,734.44,Price above SMA200 | Price above SMA50 | SMA20 > SMA50 > SMA200 | SMA50 rising | Healthy bullish RSI | MACD bullish | Positive MACD histogram | Moderate trend | Positive directional movement | Volume contracting | ATR contracting | Positive 20-day momentum | Good liquidity,
ADSK,2026-08-27,64,270.58,249.0,224.31,248.64,69.9,25.4,3.59,2.19,13.7,0.85,7.79,15.16,14.33,-3.64,-3.64,453.73,Price above SMA200 | Price above SMA50 | SMA20 rising | SMA50 rising | Healthy bullish RSI | MACD bullish | Positive MACD histogram | Strong trend (ADX > 25) | Positive directional movement | Volume contracting | Bollinger Bands compressed | Positive 20-day momentum | Good liquidity,
NTRS,2026-08-27,64,186.27,186.55,182.54,155.91,52.4,17.7,1.99,0.86,6.75,0.78,2.06,2.06,10.22,5.11,5.11,196.18,Price above SMA200 | Price above SMA50 | SMA20 > SMA50 > SMA200 | SMA20 rising | SMA50 rising | Positive RSI | Positive directional movement | Volume contracting | Volatility contracting | ATR contracting | Bollinger Bands compressed | Positive 20-day momentum | Good liquidity,
CTSH,2026-08-27,64,63.76,58.77,49.69,62.24,73.3,39.0,3.69,0.72,18.65,0.53,4.66,18.99,16.31,-0.72,-0.72,469.16,Price above SMA200 | Price above SMA50 | SMA20 rising | SMA50 rising | MACD bullish | Positive MACD histogram | Strong trend (ADX > 25) | Positive directional movement | Volume contracting | Volatility contracting | Bollinger Bands compressed | Positive 20-day momentum | Good liquidity,
ULTA,2026-08-27,63,540.1,530.83,496.12,555.67,58.2,28.9,3.12,1.97,12.13,1.15,4.85,4.52,9.14,4.93,4.93,333.41,Price above SMA50 | SMA20 rising | SMA50 rising | Within 5% of 20-day high | Within 5% of 50-day high | Healthy bullish RSI | MACD bullish | Positive MACD histogram | Strong trend (ADX > 25) | Positive directional movement | Bollinger Bands compressed | Positive 20-day momentum | Good liquidity,
GEN,2026-08-27,63,30.5,28.55,26.77,24.25,69.0,14.1,3.16,1.14,11.57,0.92,8.23,12.26,11.28,-2.1,-2.1,160.09,Price above SMA200 | Price above SMA50 | SMA20 > SMA50 > SMA200 | SMA20 rising | SMA50 rising | Healthy bullish RSI | MACD bullish | Positive MACD histogram | Positive directional movement | Bollinger Bands compressed | Positive 20-day momentum | Good liquidity,
GEHC,2026-08-27,63,72.48,72.41,67.36,72.76,55.9,28.2,2.41,1.02,9.9,0.55,-2.13,3.63,16.99,4.37,4.37,208.75,Price above SMA50 | SMA20 rising | SMA50 rising | Within 5% of 20-day high | Within 5% of 50-day high | Healthy bullish RSI | Strong trend (ADX > 25) | Positive directional movement | Volume contracting | Volatility contracting | ATR contracting | Positive 20-day momentum | Good liquidity,
NOW,2026-08-27,63,138.43,123.8,111.09,119.41,69.0,20.3,4.62,1.56,20.18,0.89,6.69,25.77,8.44,-5.24,-5.24,2205.51,Price above SMA200 | Price above SMA50 | SMA20 rising | SMA50 rising | Healthy bullish RSI | MACD bullish | Positive MACD histogram | Moderate trend | Positive directional movement | Volume contracting | ATR contracting | Bollinger Bands compressed | Positive 20-day momentum | Good liquidity,
FOXA,2026-08-27,63,67.22,65.13,58.67,63.27,60.0,36.7,2.79,0.98,25.26,1.03,-1.09,14.28,2.33,5.55,5.55,358.87,Price above SMA200 | Price above SMA50 | SMA20 rising | SMA50 rising | Healthy bullish RSI | MACD bullish | Positive MACD histogram | Strong trend (ADX > 25) | Positive directional movement | Volume contracting | ATR contracting | Positive 20-day momentum | Good liquidity,
MDLZ,2026-08-27,63,62.43,62.87,61.31,58.24,49.3,16.6,2.18,0.96,5.81,0.72,-2.67,-1.03,3.08,5.0,6.76,445.38,Price above SMA200 | Price above SMA50 | SMA20 > SMA50 > SMA200 | SMA20 rising | SMA50 rising | Within 5% of 20-day high | Positive directional movement | Volume contracting | Volatility contracting | ATR contracting | Bollinger Bands compressed | Good liquidity,
COR,2026-08-27,63,321.23,317.94,305.47,321.65,55.3,23.0,2.56,0.73,9.0,1.13,2.08,3.08,21.53,3.76,3.76,468.89,Price above SMA50 | SMA20 rising | SMA50 rising | Within 5% of 20-day high | Within 5% of 50-day high | Healthy bullish RSI | MACD bullish | Positive MACD histogram | Moderate trend | Positive directional movement | Volume contracting | Bollinger Bands compressed | Positive 20-day momentum | Good liquidity,
CAH,2026-08-27,62,235.13,234.89,232.49,213.97,52.8,25.9,2.44,0.55,5.41,1.06,2.92,3.55,20.92,9.85,9.85,439.09,Price above SMA200 | Price above SMA50 | SMA20 > SMA50 > SMA200 | SMA20 rising | SMA50 rising | Positive RSI | Strong trend (ADX > 25) | Positive directional movement | Volume contracting | Bollinger Bands compressed | Positive 20-day momentum | Good liquidity,
CF,2026-08-27,62,125.71,120.88,117.13,105.65,57.3,16.6,3.84,0.89,15.59,1.18,0.01,0.47,11.35,5.44,5.44,297.54,Price above SMA200 | Price above SMA50 | SMA20 > SMA50 > SMA200 | SMA50 rising | Healthy bullish RSI | MACD bullish | Positive MACD histogram | Positive directional movement | Volume contracting | Bollinger Bands compressed | Positive 20-day momentum | Good liquidity,
IT,2026-08-27,62,196.6,185.06,156.27,178.7,64.1,31.8,4.58,0.76,27.88,1.17,1.51,28.56,15.23,3.27,3.27,291.01,Price above SMA200 | Price above SMA50 | SMA20 rising | SMA50 rising | Within 5% of 20-day high | Within 5% of 50-day high | Healthy bullish RSI | Strong trend (ADX > 25) | Positive directional movement | Volume contracting | Positive 20-day momentum | Good liquidity,
AIZ,2026-08-27,62,285.41,284.79,278.02,243.16,54.3,27.5,2.12,0.58,8.0,1.37,1.21,1.04,15.26,6.49,6.49,113.08,Price above SMA200 | Price above SMA50 | SMA20 > SMA50 > SMA200 | SMA20 rising | SMA50 rising | Positive RSI | Strong trend (ADX > 25) | Positive directional movement | Volume contracting | Bollinger Bands compressed | Positive 20-day momentum | Good liquidity,
EXPE,2026-08-27,62,318.92,319.8,286.65,256.35,54.9,38.0,3.84,1.08,14.46,0.91,-1.48,9.03,41.09,7.08,7.08,496.88,Price above SMA200 | Price above SMA50 | SMA20 > SMA50 > SMA200 | SMA20 rising | SMA50 rising | Positive RSI | Strong trend (ADX > 25) | Positive directional movement | Volume contracting | Bollinger Bands compressed | Positive 20-day momentum | Good liquidity,
REGN,2026-08-27,62,807.71,800.57,712.22,726.1,61.8,52.0,2.35,1.03,12.71,0.85,-2.29,9.52,34.12,4.86,4.86,591.58,Price above SMA200 | Price above SMA50 | SMA20 rising | SMA50 rising | Within 5% of 20-day high | Within 5% of 50-day high | Healthy bullish RSI | Strong trend (ADX > 25) | Positive directional movement | Volume contracting | Positive 20-day momentum | Good liquidity,
APA,2026-08-27,61,42.38,40.2,36.53,32.64,61.6,25.1,3.6,0.73,27.26,1.16,-4.53,16.65,12.88,6.3,6.3,238.22,Price above SMA200 | Price above SMA50 | SMA20 > SMA50 > SMA200 | SMA20 rising | SMA50 rising | Healthy bullish RSI | Strong trend (ADX > 25) | Positive directional movement | Volume contracting | Positive 20-day momentum | Good liquidity,
RTX,2026-08-27,61,212.08,217.93,204.93,190.89,49.1,26.7,2.11,0.87,9.61,0.72,-0.1,-0.74,22.11,6.76,6.76,965.54,Price above SMA200 | Price above SMA50 | SMA20 > SMA50 > SMA200 | SMA20 rising | SMA50 rising | Strong trend (ADX > 25) | Volume contracting | Volatility contracting | ATR contracting | Bollinger Bands compressed | Good liquidity,
DELL,2026-08-27,61,472.26,455.4,432.13,242.5,56.9,9.7,5.93,0.87,19.75,0.91,8.62,16.66,8.67,8.84,8.84,2427.6,Price above SMA200 | Price above SMA50 | SMA20 > SMA50 > SMA200 | SMA20 rising | SMA50 rising | Healthy bullish RSI | Positive directional movement | Volume contracting | ATR contracting | Bollinger Bands compressed | Positive 20-day momentum | Good liquidity,
OXY,2026-08-27,61,59.17,58.19,55.11,51.58,55.8,19.9,2.62,0.76,13.85,0.96,-3.82,5.76,0.6,5.04,5.04,466.97,Price above SMA200 | Price above SMA50 | SMA20 > SMA50 > SMA200 | SMA20 rising | SMA50 rising | Healthy bullish RSI | Positive directional movement | Volume contracting | ATR contracting | Bollinger Bands compressed | Positive 20-day momentum | Good liquidity,
KDP,2026-08-27,61,31.88,30.96,31.13,28.66,55.8,24.1,2.75,0.68,11.99,0.97,0.69,0.98,5.75,3.95,6.09,353.96,Price above SMA200 | Price above SMA50 | SMA20 rising | SMA50 rising | Within 5% of 20-day high | Healthy bullish RSI | MACD bullish | Positive MACD histogram | Moderate trend | Positive directional movement | Volume contracting | Positive 20-day momentum | Good liquidity,
ZBRA,2026-08-27,61,361.11,361.27,301.21,254.05,62.8,38.0,3.35,0.57,26.65,1.43,0.16,25.14,41.92,6.96,6.96,295.0,Price above SMA200 | Price above SMA50 | SMA20 > SMA50 > SMA200 | SMA20 rising | SMA50 rising | Healthy bullish RSI | Strong trend (ADX > 25) | Positive directional movement | Volume contracting | Positive 20-day momentum | Good liquidity,
VEEV,2026-08-27,60,282.13,237.28,205.18,198.98,79.6,46.2,3.99,3.26,31.12,1.13,12.61,39.97,54.22,-10.15,-10.15,474.57,Price above SMA200 | Price above SMA50 | SMA20 > SMA50 > SMA200 | SMA20 rising | SMA50 rising | MACD bullish | Positive MACD histogram | Strong trend (ADX > 25) | Positive directional movement | Positive 20-day momentum | Good liquidity,RSI potentially overbought
MKC,2026-08-27,60,54.54,53.85,51.96,56.66,54.8,22.0,2.8,0.86,11.36,0.73,-1.23,7.03,19.25,4.27,4.27,132.96,Price above SMA50 | SMA20 rising | SMA50 rising | Within 5% of 20-day high | Within 5% of 50-day high | Positive RSI | Moderate trend | Positive directional movement | Volume contracting | Volatility contracting | ATR contracting | Bollinger Bands compressed | Positive 20-day momentum | Good liquidity,
PLTR,2026-08-27,60,185.93,167.86,142.63,151.41,69.1,35.0,4.3,0.86,38.13,1.33,6.88,52.08,22.19,-1.88,-1.88,7823.38,Price above SMA200 | Price above SMA50 | SMA20 rising | SMA50 rising | Healthy bullish RSI | MACD bullish | Positive MACD histogram | Strong trend (ADX > 25) | Positive directional movement | Volume contracting | Positive 20-day momentum | Good liquidity,
HUM,2026-08-27,60,392.63,380.09,384.39,273.9,57.1,16.5,3.42,0.79,9.91,0.94,3.13,7.08,22.65,2.68,9.23,428.86,Price above SMA200 | Price above SMA50 | SMA50 rising | Within 3% of 20-day high | Healthy bullish RSI | MACD bullish | Positive MACD histogram | Positive directional movement | Volume contracting | Bollinger Bands compressed | Positive 20-day momentum | Good liquidity,
COIN,2026-08-27,60,190.72,159.8,160.11,196.07,64.8,22.3,5.57,0.92,39.69,1.13,10.66,16.59,9.62,0.59,0.59,1638.71,Price above SMA50 | SMA20 rising | Within 3% of 20-day high | Within 3% of 50-day high | Healthy bullish RSI | MACD bullish | Positive MACD histogram | Moderate trend | Positive directional movement | ATR contracting | Positive 20-day momentum | Good liquidity,
PFG,2026-08-27,60,112.17,113.21,111.79,97.11,49.6,13.7,1.91,0.94,5.12,0.61,1.47,-1.56,8.58,3.96,3.96,118.8,Price above SMA200 | Price above SMA50 | SMA20 > SMA50 > SMA200 | SMA50 rising | Within 5% of 20-day high | Within 5% of 50-day high | Volume contracting | Volatility contracting | ATR contracting | Bollinger Bands compressed | Good liquidity,
MRVL,2026-08-27,60,241.45,222.71,229.99,147.97,56.3,18.9,7.14,1.73,29.34,0.89,-3.81,31.72,-16.95,4.58,36.59,5320.89,Price above SMA200 | Price above SMA50 | SMA20 rising | Within 5% of 20-day high | Healthy bullish RSI | MACD bullish | Positive MACD histogram | Positive directional movement | Volume contracting | ATR contracting | Bollinger Bands compressed | Positive 20-day momentum | Good liquidity,
ABT,2026-08-27,60,111.59,110.91,101.73,105.71,57.7,37.3,2.27,1.08,12.84,0.58,-2.23,5.66,29.22,5.15,5.15,853.11,Price above SMA200 | Price above SMA50 | SMA20 rising | SMA50 rising | Healthy bullish RSI | Strong trend (ADX > 25) | Positive directional movement | Volume contracting | Volatility contracting | ATR contracting | Positive 20-day momentum | Good liquidity,
BXP,2026-08-27,59,69.97,68.93,68.11,62.62,54.5,22.6,2.59,0.68,8.75,0.97,3.23,-2.37,15.52,5.3,7.1,83.37,Price above SMA200 | Price above SMA50 | SMA20 > SMA50 > SMA200 | SMA50 rising | Positive RSI | MACD bullish | Positive MACD histogram | Moderate trend | Positive directional movement | Volume contracting | Bollinger Bands compressed | Good liquidity,
BKNG,2026-08-27,59,202.56,207.81,191.25,185.38,49.9,30.6,3.32,0.99,13.18,0.85,-3.48,4.82,21.45,7.29,7.29,1133.57,Price above SMA200 | Price above SMA50 | SMA20 > SMA50 > SMA200 | SMA20 rising | SMA50 rising | Strong trend (ADX > 25) | Positive directional movement | Volume contracting | Bollinger Bands compressed | Positive 20-day momentum | Good liquidity,
RVTY,2026-08-27,59,129.71,118.46,113.17,101.17,72.2,21.3,2.95,1.28,17.01,0.89,4.5,14.24,29.29,-2.17,-2.17,179.83,Price above SMA200 | Price above SMA50 | SMA20 > SMA50 > SMA200 | SMA20 rising | SMA50 rising | MACD bullish | Positive MACD histogram | Moderate trend | Positive directional movement | ATR contracting | Positive 20-day momentum | Good liquidity,
DRI,2026-08-27,58,211.13,217.15,208.59,197.63,46.3,31.0,2.8,0.88,13.26,1.08,-3.13,2.01,7.35,8.82,8.82,216.84,Price above SMA200 | Price above SMA50 | SMA20 > SMA50 > SMA200 | SMA20 rising | SMA50 rising | Strong trend (ADX > 25) | Positive directional movement | Volume contracting | ATR contracting | Positive 20-day momentum | Good liquidity,
ARES,2026-08-27,58,142.41,140.72,128.76,131.52,58.4,31.5,3.34,0.86,11.23,1.04,1.55,14.74,12.13,5.24,5.24,322.76,Price above SMA200 | Price above SMA50 | SMA20 rising | SMA50 rising | Healthy bullish RSI | Strong trend (ADX > 25) | Positive directional movement | Volume contracting | ATR contracting | Bollinger Bands compressed | Positive 20-day momentum | Good liquidity,
IP,2026-08-27,58,39.88,40.85,39.14,37.47,48.1,18.8,3.28,1.05,5.37,0.83,-1.19,-6.53,19.23,9.14,11.12,155.95,Price above SMA200 | Price above SMA50 | SMA20 > SMA50 > SMA200 | SMA20 rising | SMA50 rising | Positive directional movement | Volume contracting | Volatility contracting | ATR contracting | Bollinger Bands compressed | Good liquidity,
SMCI,2026-08-27,58,38.46,34.74,31.02,31.35,61.0,25.6,6.39,0.75,43.83,0.92,5.37,38.69,-23.34,10.01,10.01,1968.25,Price above SMA200 | Price above SMA50 | SMA20 rising | Healthy bullish RSI | MACD bullish | Positive MACD histogram | Strong trend (ADX > 25) | Positive directional movement | Volume contracting | ATR contracting | Positive 20-day momentum | Good liquidity,
HPE,2026-08-27,58,54.41,54.2,49.5,32.23,55.4,13.7,5.07,0.97,20.81,0.86,2.87,15.42,-2.82,16.6,16.6,841.41,Price above SMA200 | Price above SMA50 | SMA20 > SMA50 > SMA200 | SMA20 rising | SMA50 rising | Healthy bullish RSI | Positive directional movement | Volume contracting | Bollinger Bands compressed | Positive 20-day momentum | Good liquidity,
ALLE,2026-08-27,58,159.72,163.66,149.96,150.65,52.4,37.2,2.45,0.95,8.27,0.64,-1.24,1.69,23.51,6.98,6.98,175.67,Price above SMA200 | Price above SMA50 | SMA20 rising | SMA50 rising | Positive RSI | Strong trend (ADX > 25) | Positive directional movement | Volume contracting | Volatility contracting | Bollinger Bands compressed | Positive 20-day momentum | Good liquidity,
CNC,2026-08-27,58,65.33,65.2,65.12,49.43,51.0,16.3,3.44,0.92,7.57,0.99,1.86,7.38,8.9,4.67,6.17,258.47,Price above SMA200 | Price above SMA50 | SMA20 > SMA50 > SMA200 | SMA50 rising | Within 5% of 20-day high | Positive RSI | Positive directional movement | Volume contracting | ATR contracting | Bollinger Bands compressed | Positive 20-day momentum | Good liquidity,
APH,2026-08-27,58,161.38,163.94,161.18,144.72,50.8,10.7,3.7,0.86,14.29,0.88,5.4,0.98,8.91,9.26,10.62,974.5,Price above SMA200 | Price above SMA50 | SMA20 > SMA50 > SMA200 | SMA20 rising | SMA50 rising | Positive RSI | Positive directional movement | Volume contracting | ATR contracting | Bollinger Bands compressed | Positive 20-day momentum | Good liquidity,
SHW,2026-08-27,57,345.21,354.42,341.01,332.63,48.4,16.0,2.46,0.76,9.45,0.81,-0.26,0.34,18.09,7.56,7.56,593.32,Price above SMA200 | Price above SMA50 | SMA20 > SMA50 > SMA200 | SMA20 rising | SMA50 rising | Volume contracting | Volatility contracting | ATR contracting | Bollinger Bands compressed | Positive 20-day momentum | Good liquidity,
UPS,2026-08-27,57,105.68,103.56,106.67,101.49,53.0,20.1,2.22,0.59,6.27,0.79,3.02,1.99,-1.44,1.91,10.3,495.21,Price above SMA200 | Within 3% of 20-day high | Positive RSI | MACD bullish | Positive MACD histogram | Moderate trend | Positive directional movement | Volume contracting | Volatility contracting | ATR contracting | Bollinger Bands compressed | Positive 20-day momentum | Good liquidity,
NFLX,2026-08-27,57,79.84,76.98,74.55,87.84,58.4,22.6,2.83,0.92,15.98,0.88,-0.37,9.12,-4.19,3.28,3.28,2261.37,Price above SMA50 | SMA20 rising | Within 5% of 20-day high | Within 5% of 50-day high | Healthy bullish RSI | MACD bullish | Positive MACD histogram | Moderate trend | Positive directional movement | Volume contracting | ATR contracting | Positive 20-day momentum | Good liquidity,
MDT,2026-08-27,57,89.97,89.93,85.14,88.7,53.5,28.8,2.28,1.16,11.89,0.74,-2.52,4.97,23.09,5.28,5.28,603.49,Price above SMA200 | Price above SMA50 | SMA20 rising | SMA50 rising | Positive RSI | Strong trend (ADX > 25) | Positive directional movement | Volume contracting | Volatility contracting | ATR contracting | Positive 20-day momentum | Good liquidity,
HPQ,2026-08-27,57,29.63,29.31,26.24,22.3,55.9,29.6,4.84,2.72,13.54,1.12,0.54,10.31,9.9,8.64,8.64,440.91,Price above SMA200 | Price above SMA50 | SMA20 > SMA50 > SMA200 | SMA20 rising | SMA50 rising | Healthy bullish RSI | Strong trend (ADX > 25) | Bollinger Bands compressed | Positive 20-day momentum | Good liquidity,
UHS,2026-08-27,57,172.58,172.25,160.12,187.42,55.4,17.7,3.06,0.84,6.8,0.81,-0.17,5.69,21.23,4.26,4.26,117.85,Price above SMA50 | SMA20 rising | SMA50 rising | Within 5% of 20-day high | Within 5% of 50-day high | Healthy bullish RSI | Positive directional movement | Volume contracting | Volatility contracting | Bollinger Bands compressed | Positive 20-day momentum | Good liquidity,
NVDA,2026-08-27,57,227.98,217.21,208.16,195.57,61.3,17.3,3.2,2.39,12.89,1.06,5.13,16.89,2.44,-0.03,-0.03,27181.33,Price above SMA200 | Price above SMA50 | SMA20 > SMA50 > SMA200 | SMA20 rising | SMA50 rising | Healthy bullish RSI | Positive directional movement | ATR contracting | Bollinger Bands compressed | Positive 20-day momentum | Good liquidity,
TRV,2026-08-27,57,369.33,372.16,356.56,308.51,52.6,18.1,1.98,0.74,6.96,0.56,1.33,-1.77,27.07,4.77,7.95,614.11,Price above SMA200 | Price above SMA50 | SMA20 > SMA50 > SMA200 | SMA50 rising | Within 5% of 20-day high | Positive RSI | Volume contracting | Volatility contracting | ATR contracting | Bollinger Bands compressed | Good liquidity,
CRWD,2026-08-27,57,227.96,207.58,195.27,140.08,64.0,25.1,5.09,2.69,26.12,1.29,19.76,23.08,18.58,-0.2,-0.2,1813.69,Price above SMA200 | Price above SMA50 | SMA20 > SMA50 > SMA200 | SMA20 rising | SMA50 rising | Healthy bullish RSI | Strong trend (ADX > 25) | Positive directional movement | Positive 20-day momentum | Good liquidity,
DLTR,2026-08-27,57,127.0,130.19,125.35,116.36,47.1,26.6,3.62,2.5,7.04,0.81,-1.13,-1.22,16.1,7.93,7.93,289.6,Price above SMA200 | Price above SMA50 | SMA20 > SMA50 > SMA200 | SMA20 rising | SMA50 rising | Strong trend (ADX > 25) | Volatility contracting | ATR contracting | Bollinger Bands compressed | Good liquidity,
LYB,2026-08-27,56,63.06,62.72,59.31,58.55,52.4,22.9,3.33,0.64,14.97,1.14,-6.44,5.41,-5.35,8.51,8.51,263.09,Price above SMA200 | Price above SMA50 | SMA20 > SMA50 > SMA200 | SMA20 rising | Positive RSI | Moderate trend | Positive directional movement | Volume contracting | ATR contracting | Bollinger Bands compressed | Positive 20-day momentum | Good liquidity,
DG,2026-08-27,56,125.89,123.71,120.87,124.39,56.5,13.5,3.25,2.94,8.85,0.73,4.4,-1.26,19.07,4.26,4.26,269.91,Price above SMA200 | Price above SMA50 | SMA50 rising | Within 5% of 20-day high | Within 5% of 50-day high | Healthy bullish RSI | Positive directional movement | Volatility contracting | ATR contracting | Bollinger Bands compressed | Good liquidity,
FFIV,2026-08-27,56,410.22,400.89,403.68,322.45,55.6,17.5,3.26,0.89,13.2,1.0,8.58,5.52,0.27,3.75,6.04,231.94,Price above SMA200 | Price above SMA50 | SMA50 rising | Within 5% of 20-day high | Healthy bullish RSI | MACD bullish | Positive MACD histogram | Positive directional movement | Volume contracting | ATR contracting | Positive 20-day momentum | Good liquidity,
BAC,2026-08-27,56,61.17,63.05,61.01,54.26,43.1,27.5,1.74,1.79,6.33,0.85,-1.12,-0.91,17.16,6.64,6.64,1734.07,Price above SMA200 | Price above SMA50 | SMA20 > SMA50 > SMA200 | SMA50 rising | Strong trend (ADX > 25) | Volume contracting | Volatility contracting | ATR contracting | Bollinger Bands compressed | Good liquidity,
BKR,2026-08-27,55,62.11,62.81,59.18,57.67,52.2,16.6,2.71,1.38,9.19,0.74,-1.07,4.07,-3.41,5.36,5.36,388.11,Price above SMA200 | Price above SMA50 | SMA20 > SMA50 > SMA200 | SMA20 rising | Positive RSI | Volume contracting | Volatility contracting | ATR contracting | Bollinger Bands compressed | Positive 20-day momentum | Good liquidity,
DE,2026-08-27,55,622.66,615.26,609.61,560.09,52.6,19.0,3.19,0.69,11.03,1.05,0.28,3.87,7.77,6.11,6.11,719.02,Price above SMA200 | Price above SMA50 | SMA20 > SMA50 > SMA200 | SMA50 rising | Positive RSI | MACD bullish | Positive MACD histogram | Positive directional movement | Bollinger Bands compressed | Positive 20-day momentum | Good liquidity,
SBAC,2026-08-27,55,186.96,182.41,181.78,190.62,56.4,10.8,2.69,0.65,6.37,0.93,3.56,3.49,-4.06,0.82,5.65,186.4,Price above SMA50 | SMA20 rising | Within 3% of 20-day high | Healthy bullish RSI | MACD bullish | Positive MACD histogram | Positive directional movement | Volume contracting | ATR contracting | Bollinger Bands compressed | Positive 20-day momentum | Good liquidity,
CBOE,2026-08-27,55,313.95,295.48,278.29,283.36,64.3,12.9,3.21,0.87,13.64,0.97,6.75,5.88,13.92,-0.15,-0.15,282.76,Price above SMA200 | Price above SMA50 | SMA20 rising | Healthy bullish RSI | MACD bullish | Positive MACD histogram | Positive directional movement | Volume contracting | ATR contracting | Bollinger Bands compressed | Positive 20-day momentum | Good liquidity,
HAL,2026-08-27,55,35.49,33.73,33.85,34.34,58.2,17.9,2.99,1.24,14.96,1.02,-0.56,12.17,-11.19,1.66,7.41,355.1,Price above SMA200 | Price above SMA50 | SMA20 rising | Within 3% of 20-day high | Healthy bullish RSI | MACD bullish | Positive MACD histogram | Positive directional movement | ATR contracting | Positive 20-day momentum | Good liquidity,
PTC,2026-08-27,55,158.95,148.79,132.08,149.5,68.8,37.0,3.24,0.79,14.98,0.94,3.54,16.62,11.67,-1.84,-1.84,184.24,Price above SMA200 | Price above SMA50 | SMA20 rising | SMA50 rising | Healthy bullish RSI | Strong trend (ADX > 25) | Positive directional movement | Volume contracting | Bollinger Bands compressed | Positive 20-day momentum | Good liquidity,
AMZN,2026-08-27,55,256.26,267.14,251.08,238.59,47.2,19.2,2.62,0.85,11.28,1.32,-1.48,8.82,-0.1,12.07,12.07,11374.69,Price above SMA200 | Price above SMA50 | SMA20 > SMA50 > SMA200 | SMA20 rising | SMA50 rising | Positive directional movement | Volume contracting | ATR contracting | Bollinger Bands compressed | Positive 20-day momentum | Good liquidity,
WDAY,2026-08-27,55,193.57,185.93,155.68,160.96,60.7,35.6,5.06,1.72,28.09,1.05,-1.9,22.43,30.02,17.52,17.52,899.06,Price above SMA200 | Price above SMA50 | SMA20 rising | SMA50 rising | Healthy bullish RSI | Strong trend (ADX > 25) | Positive directional movement | Volume contracting | Bollinger Bands compressed | Positive 20-day momentum | Good liquidity,
CLX,2026-08-27,55,103.63,104.57,98.76,101.25,52.2,27.9,2.72,0.57,12.23,0.94,-2.27,8.38,16.97,5.59,5.59,268.73,Price above SMA200 | Price above SMA50 | SMA20 rising | SMA50 rising | Positive RSI | Strong trend (ADX > 25) | Positive directional movement | Volume contracting | ATR contracting | Bollinger Bands compressed | Positive 20-day momentum | Good liquidity,
AXON,2026-08-27,55,611.2,600.8,553.72,506.23,54.7,18.9,5.35,0.58,20.17,1.15,-0.5,16.35,24.7,6.61,8.81,540.56,Price above SMA200 | Price above SMA50 | SMA20 > SMA50 > SMA200 | SMA20 rising | SMA50 rising | Positive RSI | Positive directional movement | Volume contracting | Bollinger Bands compressed | Positive 20-day momentum | Good liquidity,
GD,2026-08-27,54,380.06,387.76,375.34,351.53,46.5,19.8,1.81,0.71,5.72,0.71,-1.56,-0.56,13.07,4.51,5.25,325.09,Price above SMA200 | Price above SMA50 | SMA20 > SMA50 > SMA200 | SMA50 rising | Within 5% of 20-day high | Volume contracting | Volatility contracting | ATR contracting | Bollinger Bands compressed | Good liquidity,
AVY,2026-08-27,54,178.34,178.41,168.36,171.86,54.5,37.1,2.79,0.69,8.65,0.81,-2.38,2.01,14.29,5.37,5.37,133.25,Price above SMA200 | Price above SMA50 | SMA20 rising | SMA50 rising | Positive RSI | Strong trend (ADX > 25) | Positive directional movement | Volume contracting | Volatility contracting | Positive 20-day momentum | Good liquidity,
FANG,2026-08-27,54,200.52,200.19,192.42,177.35,51.2,17.4,2.91,0.71,14.85,1.0,-4.98,0.93,-0.38,8.17,8.17,351.78,Price above SMA200 | Price above SMA50 | SMA20 > SMA50 > SMA200 | SMA20 rising | SMA50 rising | Positive RSI | Positive directional movement | Volume contracting | ATR contracting | Positive 20-day momentum | Good liquidity,
STE,2026-08-27,54,232.97,234.79,222.23,233.14,53.1,12.7,2.28,0.75,4.99,0.61,-1.18,0.76,11.4,3.61,3.61,166.74,Price above SMA50 | SMA20 rising | SMA50 rising | Within 5% of 20-day high | Within 5% of 50-day high | Positive RSI | Positive directional movement | Volume contracting | Volatility contracting | Bollinger Bands compressed | Positive 20-day momentum | Good liquidity,
TYL,2026-08-27,54,369.88,329.87,314.13,360.34,70.4,27.5,3.82,1.67,23.25,0.85,6.24,14.4,17.96,-2.67,-2.67,252.02,Price above SMA200 | Price above SMA50 | SMA20 rising | SMA50 rising | MACD bullish | Positive MACD histogram | Strong trend (ADX > 25) | Positive directional movement | Volume contracting | Positive 20-day momentum | Good liquidity,
BF-B,2026-08-27,54,27.28,28.15,27.24,26.97,45.4,14.9,3.06,0.93,6.02,0.78,-3.98,-5.38,10.34,7.44,8.83,53.17,Price above SMA200 | Price above SMA50 | SMA20 > SMA50 > SMA200 | SMA20 rising | SMA50 rising | Volume contracting | Volatility contracting | ATR contracting | Bollinger Bands compressed | Good liquidity,
PKG,2026-08-27,54,243.69,252.13,242.2,220.42,44.2,14.9,2.4,1.0,6.39,0.64,-2.35,-1.99,9.11,6.68,6.68,123.25,Price above SMA200 | Price above SMA50 | SMA20 > SMA50 > SMA200 | SMA20 rising | SMA50 rising | Volume contracting | Volatility contracting | ATR contracting | Bollinger Bands compressed | Good liquidity,
WST,2026-08-27,54,346.09,349.67,349.23,291.25,46.8,17.2,2.31,0.73,3.75,0.63,-2.17,1.91,10.94,4.1,11.46,175.36,Price above SMA200 | SMA20 > SMA50 > SMA200 | SMA50 rising | Within 5% of 20-day high | Positive directional movement | Volume contracting | Volatility contracting | ATR contracting | Bollinger Bands compressed | Positive 20-day momentum | Good liquidity,
WSM,2026-08-27,53,238.4,242.03,232.85,202.12,51.8,20.9,3.48,1.62,9.9,0.98,1.15,2.18,17.34,6.92,6.92,252.52,Price above SMA200 | Price above SMA50 | SMA20 > SMA50 > SMA200 | SMA20 rising | SMA50 rising | Positive RSI | Moderate trend | ATR contracting | Bollinger Bands compressed | Positive 20-day momentum | Good liquidity,
CDNS,2026-08-27,53,347.55,329.02,349.43,327.17,59.2,17.9,3.39,1.31,11.95,0.82,10.83,4.43,-16.53,0.45,16.06,682.74,Price above SMA200 | Within 3% of 20-day high | Healthy bullish RSI | MACD bullish | Positive MACD histogram | Positive directional movement | Volatility contracting | ATR contracting | Bollinger Bands compressed | Positive 20-day momentum | Good liquidity,
CINF,2026-08-27,53,172.52,173.46,177.59,165.87,46.6,26.3,1.96,1.01,7.96,0.57,2.57,-1.26,9.79,4.92,12.92,85.84,Price above SMA200 | SMA50 rising | Within 5% of 20-day high | MACD bullish | Positive MACD histogram | Strong trend (ADX > 25) | Volume contracting | Volatility contracting | ATR contracting | Bollinger Bands compressed | Good liquidity,
AMT,2026-08-27,52,174.16,173.49,171.15,175.39,51.3,12.0,2.41,0.98,6.47,0.79,-0.89,-0.17,-5.23,3.92,7.58,387.29,Price above SMA50 | SMA20 rising | Within 5% of 20-day high | Positive RSI | MACD bullish | Positive MACD histogram | Positive directional movement | Volume contracting | Volatility contracting | ATR contracting | Bollinger Bands compressed | Good liquidity,
ORCL,2026-08-27,52,151.94,145.93,142.04,170.17,57.3,16.4,4.4,1.17,14.76,0.91,6.95,19.11,-37.66,4.82,28.11,3785.61,Price above SMA50 | SMA20 rising | Within 5% of 20-day high | Healthy bullish RSI | MACD bullish | Positive MACD histogram | Positive directional movement | Volume contracting | ATR contracting | Bollinger Bands compressed | Positive 20-day momentum | Good liquidity,
NUE,2026-08-27,52,252.37,261.93,247.08,201.97,48.1,21.2,3.51,0.61,18.18,0.93,4.94,-1.82,-2.12,10.99,10.99,394.1,Price above SMA200 | Price above SMA50 | SMA20 > SMA50 > SMA200 | SMA20 rising | SMA50 rising | Moderate trend | Positive directional movement | Volume contracting | Bollinger Bands compressed | Good liquidity,
ITW,2026-08-27,52,281.67,288.76,279.0,263.73,46.3,23.2,1.95,0.82,7.21,0.66,-0.38,-0.72,14.0,6.7,7.19,284.36,Price above SMA200 | Price above SMA50 | SMA20 > SMA50 > SMA200 | SMA50 rising | Moderate trend | Volume contracting | Volatility contracting | ATR contracting | Bollinger Bands compressed | Good liquidity,
LYV,2026-08-27,52,180.64,183.01,180.75,159.25,47.6,10.2,2.45,0.98,6.44,1.28,-0.76,-1.59,7.75,4.77,4.77,361.56,Price above SMA200 | SMA20 > SMA50 > SMA200 | SMA20 rising | SMA50 rising | Within 5% of 20-day high | Within 5% of 50-day high | Volume contracting | ATR contracting | Bollinger Bands compressed | Good liquidity,
NVR,2026-08-27,51,6365.45,6328.39,6438.62,6836.37,50.1,7.3,2.6,1.14,4.67,0.74,1.04,1.22,2.98,2.54,9.28,206.41,SMA50 rising | Within 3% of 20-day high | Positive RSI | MACD bullish | Positive MACD histogram | Positive directional movement | Volume contracting | Volatility contracting | ATR contracting | Bollinger Bands compressed | Positive 20-day momentum | Good liquidity,
LRCX,2026-08-27,51,318.58,315.15,332.65,256.43,50.4,8.4,5.73,0.78,16.0,0.61,2.59,7.01,-4.67,8.38,37.64,2636.15,Price above SMA200 | SMA20 rising | Positive RSI | MACD bullish | Positive MACD histogram | Positive directional movement | Volume contracting | Volatility contracting | ATR contracting | Bollinger Bands compressed | Positive 20-day momentum | Good liquidity,
AOS,2026-08-27,51,61.95,62.43,61.01,64.7,50.2,17.3,2.63,0.76,6.44,0.95,-0.77,4.21,9.8,3.92,3.92,85.83,Price above SMA50 | SMA20 rising | SMA50 rising | Within 5% of 20-day high | Within 5% of 50-day high | Positive RSI | Positive directional movement | Volume contracting | ATR contracting | Bollinger Bands compressed | Positive 20-day momentum | Good liquidity,
IBM,2026-08-27,51,238.79,233.3,243.03,261.03,53.2,10.7,3.24,1.0,7.23,0.41,2.18,8.46,-26.95,1.26,29.64,1284.8,SMA20 rising | Within 3% of 20-day high | Positive RSI | MACD bullish | Positive MACD histogram | Positive directional movement | Volume contracting | Volatility contracting | ATR contracting | Bollinger Bands compressed | Positive 20-day momentum | Good liquidity,
SYY,2026-08-27,51,82.45,83.58,82.76,78.42,46.1,12.7,1.93,0.43,4.52,0.84,-0.73,-2.67,12.01,4.84,5.09,281.7,Price above SMA200 | SMA20 > SMA50 > SMA200 | SMA50 rising | Within 5% of 20-day high | Positive directional movement | Volume contracting | Volatility contracting | ATR contracting | Bollinger Bands compressed | Good liquidity,
SNPS,2026-08-27,51,464.89,408.42,417.39,446.42,71.7,13.2,3.4,2.46,15.02,1.17,16.83,24.86,-8.55,-8.41,3.21,682.14,Price above SMA200 | Price above SMA50 | SMA20 rising | Within 5% of 50-day high | MACD bullish | Positive MACD histogram | Positive directional movement | ATR contracting | Bollinger Bands compressed | Positive 20-day momentum | Good liquidity,
XOM,2026-08-27,51,156.44,158.67,149.45,141.7,48.8,23.4,2.22,1.0,11.72,1.02,-5.84,0.31,5.28,7.8,7.8,2266.97,Price above SMA200 | Price above SMA50 | SMA20 > SMA50 > SMA200 | SMA20 rising | SMA50 rising | Moderate trend | Volume contracting | Bollinger Bands compressed | Positive 20-day momentum | Good liquidity,
EL,2026-08-27,50,106.21,91.87,86.27,91.5,77.6,29.4,3.22,1.26,35.06,1.32,10.46,25.13,27.33,-0.89,-0.89,340.71,Price above SMA200 | Price above SMA50 | SMA20 rising | SMA50 rising | MACD bullish | Positive MACD histogram | Strong trend (ADX > 25) | Positive directional movement | Positive 20-day momentum | Good liquidity,RSI potentially overbought
PSKY,2026-08-27,50,10.8,9.72,9.43,11.08,72.4,36.3,3.68,0.74,35.89,0.72,4.96,38.28,0.67,-0.28,-0.09,109.25,Price above SMA50 | SMA20 rising | MACD bullish | Positive MACD histogram | Strong trend (ADX > 25) | Positive directional movement | Volume contracting | Volatility contracting | ATR contracting | Positive 20-day momentum | Good liquidity,
ALB,2026-08-27,50,135.77,130.57,130.34,155.37,55.3,24.6,4.1,0.5,21.43,1.07,1.18,15.29,-20.76,6.11,25.95,290.17,Price above SMA50 | SMA20 rising | Healthy bullish RSI | MACD bullish | Positive MACD histogram | Moderate trend | Positive directional movement | Volume contracting | ATR contracting | Bollinger Bands compressed | Positive 20-day momentum | Good liquidity,
TER,2026-08-27,50,372.06,385.99,382.84,311.04,48.0,9.5,6.87,0.9,21.79,0.75,-2.89,1.8,-5.24,19.38,31.14,1047.6,Price above SMA200 | SMA20 > SMA50 > SMA200 | SMA20 rising | SMA50 rising | Volume contracting | Volatility contracting | ATR contracting | Bollinger Bands compressed | Positive 20-day momentum | Good liquidity,
UBER,2026-08-27,50,76.95,75.58,73.53,76.82,54.1,16.9,3.46,0.74,17.77,1.04,-2.04,9.35,7.44,7.04,7.04,1445.92,Price above SMA200 | Price above SMA50 | SMA20 rising | SMA50 rising | Positive RSI | MACD bullish | Positive MACD histogram | Positive directional movement | Volume contracting | Positive 20-day momentum | Good liquidity,
CRM,2026-08-27,50,252.05,199.98,178.87,199.53,80.0,25.7,4.23,3.95,28.24,1.29,22.69,39.48,25.82,-15.43,-15.43,2927.06,Price above SMA200 | Price above SMA50 | SMA20 rising | SMA50 rising | MACD bullish | Positive MACD histogram | Strong trend (ADX > 25) | Positive directional movement | Positive 20-day momentum | Good liquidity,RSI potentially overbought
CMG,2026-08-27,50,37.22,34.82,34.13,34.64,61.4,18.3,3.5,0.53,23.36,0.93,5.47,-3.37,27.2,5.02,5.02,631.1,Price above SMA200 | Price above SMA50 | SMA20 rising | SMA50 rising | Healthy bullish RSI | MACD bullish | Positive MACD histogram | Positive directional movement | Volume contracting | Good liquidity,
GS,2026-08-27,49,1040.87,1037.52,1051.61,936.72,50.0,8.8,2.66,0.92,5.11,0.66,3.88,1.56,-2.23,3.49,10.87,1941.04,Price above SMA200 | SMA50 rising | Within 5% of 20-day high | MACD bullish | Positive MACD histogram | Positive directional movement | Volatility contracting | ATR contracting | Bollinger Bands compressed | Positive 20-day momentum | Good liquidity,
SWKS,2026-08-27,49,67.36,67.31,65.18,63.18,52.8,12.8,4.14,0.99,13.19,0.92,-0.85,7.81,-14.86,5.03,17.58,314.32,Price above SMA200 | Price above SMA50 | SMA20 > SMA50 > SMA200 | SMA20 rising | Positive RSI | Volume contracting | ATR contracting | Bollinger Bands compressed | Positive 20-day momentum | Good liquidity,
AAPL,2026-08-27,49,314.58,309.24,311.33,281.9,52.7,13.5,2.26,0.68,4.85,0.98,1.05,-5.57,-0.11,6.32,9.44,14755.86,Price above SMA200 | Price above SMA50 | SMA50 rising | Positive RSI | MACD bullish | Positive MACD histogram | Positive directional movement | Volume contracting | ATR contracting | Bollinger Bands compressed | Good liquidity,
TSLA,2026-08-27,48,354.81,336.94,361.43,401.41,53.9,19.7,3.67,0.9,15.55,0.65,2.8,14.88,-16.27,3.29,22.0,11281.73,SMA20 rising | Within 5% of 20-day high | Positive RSI | MACD bullish | Positive MACD histogram | Positive directional movement | Volume contracting | Volatility contracting | ATR contracting | Bollinger Bands compressed | Positive 20-day momentum | Good liquidity,
VTRS,2026-08-27,48,16.89,16.52,16.53,14.32,57.2,17.9,2.62,0.63,13.56,1.03,5.56,-4.19,8.46,8.07,8.07,168.48,Price above SMA200 | Price above SMA50 | SMA50 rising | Healthy bullish RSI | MACD bullish | Positive MACD histogram | Positive directional movement | Volume contracting | ATR contracting | Good liquidity,
PH,2026-08-27,48,1011.2,1030.77,990.36,930.54,49.4,19.2,2.47,1.07,11.71,1.23,1.11,5.03,20.91,8.78,8.78,702.39,Price above SMA200 | Price above SMA50 | SMA20 > SMA50 > SMA200 | SMA20 rising | SMA50 rising | Positive directional movement | Bollinger Bands compressed | Positive 20-day momentum | Good liquidity,
APO,2026-08-27,48,133.44,132.95,126.18,126.59,54.8,21.9,3.08,0.51,13.41,1.13,2.66,11.44,4.07,7.71,7.71,474.61,Price above SMA200 | Price above SMA50 | SMA20 rising | SMA50 rising | Positive RSI | Moderate trend | Positive directional movement | Volume contracting | Bollinger Bands compressed | Positive 20-day momentum | Good liquidity,
WMB,2026-08-27,48,74.19,72.41,73.39,69.1,54.8,19.7,2.97,1.16,8.27,1.07,3.5,4.63,4.81,2.28,6.48,471.21,Price above SMA200 | Price above SMA50 | Within 3% of 20-day high | Positive RSI | MACD bullish | Positive MACD histogram | Positive directional movement | Bollinger Bands compressed | Positive 20-day momentum | Good liquidity,
SNDK,2026-08-27,48,1484.95,1445.53,1614.12,964.71,49.3,12.2,9.6,0.61,44.81,0.69,-7.23,16.02,-13.48,23.1,58.55,20907.22,Price above SMA200 | SMA20 rising | MACD bullish | Positive MACD histogram | Positive directional movement | Volume contracting | Volatility contracting | ATR contracting | Bollinger Bands compressed | Positive 20-day momentum | Good liquidity,
AME,2026-08-27,47,243.67,248.85,241.61,224.39,48.1,15.8,2.13,0.61,10.16,1.02,1.92,1.52,7.16,7.18,7.18,329.31,Price above SMA200 | Price above SMA50 | SMA20 > SMA50 > SMA200 | SMA20 rising | SMA50 rising | Volume contracting | ATR contracting | Positive 20-day momentum | Good liquidity,
URI,2026-08-27,47,1037.51,1116.29,1095.49,919.26,37.4,17.3,3.13,0.96,13.6,0.78,-5.27,-2.74,4.47,13.46,13.46,472.18,Price above SMA200 | SMA20 > SMA50 > SMA200 | SMA20 rising | SMA50 rising | Volume contracting | Volatility contracting | ATR contracting | Bollinger Bands compressed | Good liquidity,
KKR,2026-08-27,47,109.32,107.83,100.86,105.63,56.7,20.2,3.36,0.53,12.91,1.15,2.15,8.46,15.96,6.63,6.63,532.32,Price above SMA200 | Price above SMA50 | SMA20 rising | SMA50 rising | Healthy bullish RSI | Moderate trend | Positive directional movement | Volume contracting | Positive 20-day momentum | Good liquidity,
CL,2026-08-27,47,90.96,91.81,91.69,86.56,47.7,7.5,2.12,0.77,4.76,0.88,1.4,-0.7,3.64,3.51,4.95,396.73,Price above SMA200 | SMA20 > SMA50 > SMA200 | SMA50 rising | Within 5% of 20-day high | Within 5% of 50-day high | Volume contracting | ATR contracting | Bollinger Bands compressed | Good liquidity,
CPRT,2026-08-27,47,32.76,31.08,29.71,34.7,61.2,31.7,3.4,0.74,24.85,0.95,-4.57,10.79,6.16,5.71,5.71,326.88,Price above SMA50 | SMA20 rising | Healthy bullish RSI | MACD bullish | Positive MACD histogram | Strong trend (ADX > 25) | Positive directional movement | Volume contracting | Positive 20-day momentum | Good liquidity,
EOG,2026-08-27,47,144.5,144.59,139.58,126.08,50.6,16.2,2.52,1.12,14.19,1.13,-5.05,-0.69,5.05,6.35,6.35,416.74,Price above SMA200 | Price above SMA50 | SMA20 > SMA50 > SMA200 | SMA20 rising | SMA50 rising | Positive RSI | Volume contracting | ATR contracting | Good liquidity,
MU,2026-08-27,47,935.39,915.38,957.17,584.88,51.0,10.7,6.65,0.9,21.14,0.6,-4.0,6.94,-12.08,10.77,34.15,29056.47,Price above SMA200 | SMA20 rising | Positive RSI | MACD bullish | Positive MACD histogram | Volume contracting | Volatility contracting | ATR contracting | Bollinger Bands compressed | Positive 20-day momentum | Good liquidity,
ARE,2026-08-27,46,52.28,50.24,50.54,49.14,55.3,18.8,3.7,0.64,19.21,1.23,-1.25,-0.4,0.43,4.65,6.62,112.23,Price above SMA200 | Price above SMA50 | SMA50 rising | Within 5% of 20-day high | Healthy bullish RSI | MACD bullish | Positive MACD histogram | Positive directional movement | Good liquidity,
ED,2026-08-27,46,106.69,107.41,109.06,105.39,44.2,11.5,1.78,0.66,2.71,0.77,-1.5,-1.91,3.64,4.15,7.15,241.84,Price above SMA200 | SMA50 rising | Within 5% of 20-day high | MACD bullish | Positive MACD histogram | Volume contracting | Volatility contracting | ATR contracting | Bollinger Bands compressed | Good liquidity,
INTU,2026-08-27,46,348.0,342.07,305.09,433.72,56.1,25.9,4.56,1.17,19.37,0.92,-3.83,10.3,8.51,7.18,7.18,1391.04,Price above SMA50 | SMA20 rising | SMA50 rising | Healthy bullish RSI | Strong trend (ADX > 25) | Positive directional movement | ATR contracting | Bollinger Bands compressed | Positive 20-day momentum | Good liquidity,
MOS,2026-08-27,45,23.76,22.88,22.36,24.26,56.8,20.0,4.26,0.68,17.49,1.05,1.76,4.35,1.97,6.06,6.06,190.88,Price above SMA50 | SMA20 rising | SMA50 rising | Healthy bullish RSI | MACD bullish | Positive MACD histogram | Positive directional movement | Volume contracting | Positive 20-day momentum | Good liquidity,
VTR,2026-08-27,45,92.89,91.84,91.89,84.03,51.8,17.7,2.23,0.5,7.26,0.98,0.23,1.06,16.6,5.08,9.38,278.45,Price above SMA200 | Price above SMA50 | SMA50 rising | Positive RSI | MACD bullish | Positive MACD histogram | Volume contracting | Bollinger Bands compressed | Positive 20-day momentum | Good liquidity,
WFC,2026-08-27,45,84.97,86.66,85.79,84.03,45.6,12.3,2.04,0.95,7.38,0.8,1.52,0.03,7.58,5.51,5.51,989.73,Price above SMA200 | SMA20 > SMA50 > SMA200 | SMA50 rising | Volume contracting | Volatility contracting | ATR contracting | Bollinger Bands compressed | Positive 20-day momentum | Good liquidity,
PLD,2026-08-27,45,141.85,141.23,142.46,135.6,48.9,10.2,1.65,0.65,4.63,0.71,0.83,-2.97,1.76,3.45,8.11,617.75,Price above SMA200 | Within 5% of 20-day high | MACD bullish | Positive MACD histogram | Positive directional movement | Volume contracting | Volatility contracting | ATR contracting | Bollinger Bands compressed | Good liquidity,
USB,2026-08-27,45,62.4,63.68,62.6,55.55,44.9,21.6,1.72,0.99,6.9,0.8,1.0,-0.79,15.26,5.9,5.9,393.39,Price above SMA200 | SMA20 > SMA50 > SMA200 | SMA50 rising | Moderate trend | Volume contracting | Volatility contracting | ATR contracting | Bollinger Bands compressed | Good liquidity,
LMT,2026-08-27,44,565.89,584.92,550.49,550.56,47.6,23.3,2.53,0.8,10.82,0.75,-0.98,-1.43,10.22,8.28,8.28,604.49,Price above SMA200 | Price above SMA50 | SMA20 rising | SMA50 rising | Moderate trend | Volume contracting | Volatility contracting | Bollinger Bands compressed | Good liquidity,
ALL,2026-08-27,44,257.62,261.51,252.79,219.02,49.7,16.7,2.37,0.85,7.56,0.93,1.21,-2.92,22.41,6.9,7.61,447.77,Price above SMA200 | Price above SMA50 | SMA20 > SMA50 > SMA200 | SMA50 rising | Positive directional movement | Volume contracting | Bollinger Bands compressed | Good liquidity,
LLY,2026-08-27,44,1176.1,1200.4,1184.24,1055.61,45.8,20.1,3.4,0.95,14.2,1.08,-5.49,1.98,10.68,9.91,9.91,3438.17,Price above SMA200 | SMA20 > SMA50 > SMA200 | SMA20 rising | SMA50 rising | Moderate trend | Positive directional movement | Volume contracting | Positive 20-day momentum | Good liquidity,
GLW,2026-08-27,44,152.8,155.92,171.65,141.69,46.8,12.8,6.81,0.82,21.11,0.72,0.89,13.0,-23.75,15.8,77.87,1566.33,Price above SMA200 | SMA20 rising | MACD bullish | Positive MACD histogram | Volume contracting | Volatility contracting | ATR contracting | Bollinger Bands compressed | Positive 20-day momentum | Good liquidity,
MTB,2026-08-27,43,238.68,247.77,244.08,217.59,39.0,26.1,1.75,0.89,8.88,0.88,0.18,-3.37,9.84,7.24,7.24,219.81,Price above SMA200 | SMA20 > SMA50 > SMA200 | SMA50 rising | Strong trend (ADX > 25) | Volume contracting | ATR contracting | Bollinger Bands compressed | Good liquidity,
QCOM,2026-08-27,43,164.78,160.97,174.49,167.08,49.2,12.4,3.82,1.51,11.21,0.83,2.51,8.69,-31.33,2.48,41.67,1605.03,Within 3% of 20-day high | MACD bullish | Positive MACD histogram | Positive directional movement | Volume contracting | Volatility contracting | ATR contracting | Bollinger Bands compressed | Positive 20-day momentum | Good liquidity,
LDOS,2026-08-27,43,139.86,136.82,119.21,154.17,61.0,43.4,3.04,0.58,23.19,1.18,-1.07,24.42,10.67,5.34,5.34,205.54,Price above SMA50 | SMA20 rising | SMA50 rising | Healthy bullish RSI | Strong trend (ADX > 25) | Positive directional movement | Volume contracting | Positive 20-day momentum | Good liquidity,
TSCO,2026-08-27,43,34.7,34.42,31.98,41.86,56.5,28.9,3.02,0.68,15.82,1.0,-0.31,15.66,16.43,5.58,5.58,383.58,Price above SMA50 | SMA20 rising | SMA50 rising | Healthy bullish RSI | Strong trend (ADX > 25) | Positive directional movement | Volume contracting | Positive 20-day momentum | Good liquidity,
MS,2026-08-27,43,214.86,215.11,216.0,187.72,50.2,11.5,2.38,0.92,5.21,0.79,3.57,2.85,0.49,3.32,7.5,918.78,Price above SMA200 | SMA50 rising | Within 5% of 20-day high | Positive RSI | Volume contracting | Volatility contracting | ATR contracting | Bollinger Bands compressed | Positive 20-day momentum | Good liquidity,
PCAR,2026-08-27,42,126.54,130.7,126.92,118.23,42.9,17.8,2.43,0.76,6.26,0.71,-1.86,-5.15,12.39,7.79,9.75,396.66,Price above SMA200 | SMA20 > SMA50 > SMA200 | SMA50 rising | Volume contracting | Volatility contracting | ATR contracting | Bollinger Bands compressed | Good liquidity,
PSA,2026-08-27,42,311.2,324.12,322.01,293.31,36.5,10.1,2.04,0.93,4.75,0.69,-3.58,-1.97,5.0,6.29,7.82,243.88,Price above SMA200 | SMA20 > SMA50 > SMA200 | SMA50 rising | Volume contracting | Volatility contracting | ATR contracting | Bollinger Bands compressed | Good liquidity,
UNH,2026-08-27,42,395.05,401.15,412.97,346.88,43.7,26.6,2.39,0.89,8.25,0.85,2.65,-6.27,5.13,8.17,16.85,1648.52,Price above SMA200 | SMA50 rising | MACD bullish | Positive MACD histogram | Strong trend (ADX > 25) | Volume contracting | ATR contracting | Bollinger Bands compressed | Good liquidity,
PEP,2026-08-27,42,139.72,140.31,139.82,147.16,47.6,13.2,1.84,0.93,5.43,0.65,-1.66,-0.34,-0.57,4.42,6.67,945.13,SMA20 rising | Within 5% of 20-day high | MACD bullish | Positive MACD histogram | Positive directional movement | Volume contracting | Volatility contracting | ATR contracting | Bollinger Bands compressed | Good liquidity,
TFC,2026-08-27,42,50.3,51.53,50.96,48.57,43.0,12.6,1.8,0.81,6.63,0.79,0.14,-2.33,5.57,6.42,6.74,307.44,Price above SMA200 | SMA20 > SMA50 > SMA200 | SMA50 rising | Volume contracting | Volatility contracting | ATR contracting | Bollinger Bands compressed | Good liquidity,
AON,2026-08-27,42,349.56,354.75,351.37,336.58,45.8,14.0,2.21,0.81,5.15,0.6,-0.67,-4.42,10.22,5.75,9.13,300.69,Price above SMA200 | SMA20 > SMA50 > SMA200 | SMA50 rising | Volume contracting | Volatility contracting | ATR contracting | Bollinger Bands compressed | Good liquidity,
CIEN,2026-08-27,42,399.85,404.24,417.12,372.61,48.5,12.8,7.09,0.63,19.44,0.95,1.88,7.47,-36.23,15.72,23.68,789.74,Price above SMA200 | SMA20 rising | MACD bullish | Positive MACD histogram | Positive directional movement | Volume contracting | ATR contracting | Bollinger Bands compressed | Positive 20-day momentum | Good liquidity,
HIG,2026-08-27,42,137.8,139.65,138.16,135.37,47.2,11.4,1.94,0.9,7.19,0.81,0.5,-3.67,8.36,6.0,6.0,194.8,Price above SMA200 | SMA20 > SMA50 > SMA200 | SMA50 rising | Volume contracting | Volatility contracting | ATR contracting | Bollinger Bands compressed | Good liquidity,
EXR,2026-08-27,42,142.79,147.39,147.09,139.13,36.3,11.5,1.91,1.13,5.26,0.61,-3.04,-3.66,1.44,7.04,11.27,131.19,Price above SMA200 | SMA20 > SMA50 > SMA200 | SMA50 rising | Volume contracting | Volatility contracting | ATR contracting | Bollinger Bands compressed | Good liquidity,
DOC,2026-08-27,42,21.22,21.12,21.34,18.07,49.6,20.4,1.98,0.66,8.55,0.95,0.09,-3.33,10.68,5.37,7.62,109.52,Price above SMA200 | SMA50 rising | MACD bullish | Positive MACD histogram | Moderate trend | Positive directional movement | Volume contracting | ATR contracting | Bollinger Bands compressed | Good liquidity,
HLT,2026-08-27,42,325.68,323.38,328.4,311.25,49.7,13.0,2.21,0.69,8.24,1.13,-1.15,1.18,-2.11,3.06,9.87,635.56,Price above SMA200 | Within 5% of 20-day high | MACD bullish | Positive MACD histogram | Positive directional movement | Volume contracting | ATR contracting | Bollinger Bands compressed | Positive 20-day momentum | Good liquidity,
EME,2026-08-27,42,775.04,805.48,791.9,755.34,46.4,18.9,3.93,1.26,14.38,0.57,-1.57,-3.41,-6.27,11.59,13.04,298.36,Price above SMA200 | SMA20 > SMA50 > SMA200 | SMA20 rising | Volume contracting | Volatility contracting | ATR contracting | Bollinger Bands compressed | Good liquidity,
ETR,2026-08-27,41,106.49,106.82,110.54,104.07,44.1,16.3,2.0,0.8,3.88,0.85,-0.79,-0.84,-0.44,3.57,9.15,218.86,Price above SMA200 | Within 5% of 20-day high | MACD bullish | Positive MACD histogram | Volume contracting | Volatility contracting | ATR contracting | Bollinger Bands compressed | Good liquidity,
CFG,2026-08-27,41,70.18,72.2,71.07,62.74,43.6,20.5,2.01,0.82,9.19,0.78,0.67,-2.16,13.36,7.34,7.34,201.61,Price above SMA200 | SMA20 > SMA50 > SMA200 | SMA50 rising | Moderate trend | Volume contracting | Volatility contracting | ATR contracting | Good liquidity,
MO,2026-08-27,41,67.67,66.82,70.03,64.72,48.6,14.7,2.48,0.61,9.38,0.84,1.09,-0.4,-0.81,4.48,13.88,642.25,Price above SMA200 | Within 5% of 20-day high | MACD bullish | Positive MACD histogram | Positive directional movement | Volume contracting | Volatility contracting | ATR contracting | Good liquidity,
ACGL,2026-08-27,41,98.76,99.18,99.4,95.89,47.1,11.1,1.99,1.23,4.4,0.61,-0.55,-2.35,12.71,5.01,8.43,150.56,Price above SMA200 | SMA50 rising | MACD bullish | Positive MACD histogram | Volume contracting | Volatility contracting | ATR contracting | Bollinger Bands compressed | Good liquidity,
CSGP,2026-08-27,40,31.34,31.36,30.06,44.82,50.5,17.9,4.6,0.94,16.5,1.02,-2.85,6.38,-6.89,7.91,7.91,180.35,Price above SMA50 | SMA20 rising | Positive RSI | MACD bullish | Positive MACD histogram | Positive directional movement | Volume contracting | ATR contracting | Positive 20-day momentum | Good liquidity,
BRK-B,2026-08-27,40,503.7,509.23,501.43,492.37,49.5,18.3,1.38,1.5,7.34,1.0,1.38,-1.17,6.83,6.76,6.76,2141.42,Price above SMA200 | Price above SMA50 | SMA20 > SMA50 > SMA200 | SMA50 rising | Positive directional movement | Volume contracting | Good liquidity,
FTV,2026-08-27,40,59.92,60.5,61.04,57.8,46.5,15.1,2.1,0.87,6.36,0.65,0.88,2.46,-0.3,4.51,7.74,129.58,Price above SMA200 | SMA50 rising | Within 5% of 20-day high | Volume contracting | Volatility contracting | ATR contracting | Bollinger Bands compressed | Positive 20-day momentum | Good liquidity,
ETN,2026-08-27,40,416.04,435.26,416.67,378.0,46.5,14.6,3.61,0.81,15.95,0.9,0.18,7.8,-0.13,14.89,14.89,871.62,Price above SMA200 | SMA20 > SMA50 > SMA200 | SMA20 rising | SMA50 rising | Volume contracting | ATR contracting | Positive 20-day momentum | Good liquidity,
C,2026-08-27,40,132.68,134.84,136.03,121.13,46.3,15.7,2.19,1.34,8.08,0.83,2.32,0.78,1.6,6.18,10.95,1166.88,Price above SMA200 | SMA20 rising | SMA50 rising | Volume contracting | Volatility contracting | ATR contracting | Bollinger Bands compressed | Positive 20-day momentum | Good liquidity,
GOOGL,2026-08-27,39,340.65,350.75,350.12,334.04,44.2,8.0,2.48,0.92,11.74,1.0,-0.01,2.09,-5.8,12.87,12.87,8990.4,Price above SMA200 | SMA20 > SMA50 > SMA200 | SMA20 rising | Volume contracting | ATR contracting | Bollinger Bands compressed | Positive 20-day momentum | Good liquidity,
GWW,2026-08-27,39,1321.08,1313.17,1341.71,1162.41,49.4,14.3,2.14,0.65,7.7,1.04,1.59,-2.35,4.36,5.12,7.27,337.53,Price above SMA200 | SMA50 rising | MACD bullish | Positive MACD histogram | Positive directional movement | Volume contracting | ATR contracting | Bollinger Bands compressed | Good liquidity,
PNC,2026-08-27,39,243.51,250.3,248.06,220.28,40.3,20.9,1.78,1.3,8.01,0.94,0.78,-2.09,11.06,6.34,6.34,362.18,Price above SMA200 | SMA20 > SMA50 > SMA200 | SMA50 rising | Moderate trend | Volume contracting | ATR contracting | Bollinger Bands compressed | Good liquidity,
PG,2026-08-27,38,143.14,145.02,146.65,145.77,43.4,5.5,1.81,0.85,3.78,0.71,0.12,-0.57,2.41,3.74,7.36,1326.12,SMA50 rising | Within 5% of 20-day high | MACD bullish | Positive MACD histogram | Volume contracting | Volatility contracting | ATR contracting | Bollinger Bands compressed | Good liquidity,
GL,2026-08-27,38,175.78,178.75,178.43,152.33,47.5,21.2,2.18,0.71,10.98,0.84,3.1,-3.93,16.59,7.24,8.97,97.48,Price above SMA200 | SMA20 > SMA50 > SMA200 | SMA50 rising | Moderate trend | Volume contracting | Volatility contracting | Good liquidity,
CHRW,2026-08-27,38,151.14,147.3,172.32,172.15,44.1,41.6,3.64,0.97,9.5,0.69,5.08,2.87,-15.05,8.69,39.16,241.89,MACD bullish | Positive MACD histogram | Strong trend (ADX > 25) | Volume contracting | Volatility contracting | ATR contracting | Bollinger Bands compressed | Positive 20-day momentum | Good liquidity,
SNA,2026-08-27,38,395.84,402.63,401.14,370.37,44.6,18.6,1.77,0.71,8.03,0.65,1.17,-2.63,6.94,6.21,6.21,118.71,Price above SMA200 | SMA20 > SMA50 > SMA200 | SMA50 rising | Volume contracting | Volatility contracting | ATR contracting | Good liquidity,
VRSK,2026-08-27,38,191.02,186.71,188.68,194.64,53.3,14.6,3.55,0.69,11.04,0.91,1.78,-4.66,6.95,9.66,18.35,244.44,Price above SMA50 | SMA50 rising | Positive RSI | MACD bullish | Positive MACD histogram | Positive directional movement | Volume contracting | Bollinger Bands compressed | Good liquidity,
CTVA,2026-08-27,37,82.4,78.55,82.41,76.54,55.5,24.7,2.72,0.78,13.1,1.4,3.7,-7.77,6.23,9.86,10.4,399.54,Price above SMA200 | SMA50 rising | Healthy bullish RSI | MACD bullish | Positive MACD histogram | Moderate trend | Positive directional movement | Good liquidity,
CHTR,2026-08-27,37,148.32,151.39,140.51,183.81,50.6,17.1,5.01,0.77,10.68,0.96,0.38,4.45,5.74,7.4,13.34,395.55,Price above SMA50 | SMA20 rising | SMA50 rising | Positive RSI | Positive directional movement | Volume contracting | Bollinger Bands compressed | Positive 20-day momentum | Good liquidity,
JCI,2026-08-27,37,142.21,148.83,145.02,133.68,42.2,14.6,2.91,0.62,12.61,0.98,-0.66,-1.16,0.43,10.44,10.44,461.61,Price above SMA200 | SMA20 > SMA50 > SMA200 | SMA20 rising | SMA50 rising | Volume contracting | ATR contracting | Good liquidity,
AMD,2026-08-27,36,476.67,482.57,507.01,334.44,47.4,9.4,5.45,0.71,12.33,0.78,1.54,-1.8,-8.6,11.22,22.67,11172.13,Price above SMA200 | MACD bullish | Positive MACD histogram | Volume contracting | Volatility contracting | ATR contracting | Bollinger Bands compressed | Good liquidity,
CASY,2026-08-27,36,763.38,839.99,834.35,719.6,33.6,11.6,3.6,1.57,11.15,0.98,-7.85,-11.94,1.29,15.63,16.16,242.04,Price above SMA200 | SMA20 > SMA50 > SMA200 | SMA50 rising | Volume contracting | ATR contracting | Bollinger Bands compressed | Good liquidity,
PHM,2026-08-27,36,126.75,129.72,129.23,124.69,46.0,10.5,2.96,0.97,5.97,0.86,-0.72,-1.55,7.85,5.61,10.52,161.51,Price above SMA200 | SMA20 > SMA50 > SMA200 | SMA50 rising | Volume contracting | ATR contracting | Bollinger Bands compressed | Good liquidity,
RF,2026-08-27,36,30.4,31.21,30.78,28.01,42.1,19.1,1.83,1.0,7.21,0.88,0.6,-1.46,8.46,6.22,6.81,236.76,Price above SMA200 | SMA20 > SMA50 > SMA200 | SMA50 rising | Volume contracting | ATR contracting | Bollinger Bands compressed | Good liquidity,
UDR,2026-08-27,36,37.08,37.79,38.69,36.48,40.0,14.8,1.78,0.97,5.01,0.83,-1.62,-2.81,1.4,6.07,12.43,117.4,Price above SMA200 | MACD bullish | Positive MACD histogram | Volume contracting | Volatility contracting | ATR contracting | Bollinger Bands compressed | Good liquidity,
BBY,2026-08-27,36,83.56,85.11,82.87,69.97,47.3,17.0,4.12,2.39,10.06,1.13,-2.53,-4.85,16.34,8.02,9.23,319.38,Price above SMA200 | Price above SMA50 | SMA20 > SMA50 > SMA200 | SMA50 rising | Bollinger Bands compressed | Good liquidity,
MSCI,2026-08-27,36,569.15,565.6,577.87,569.22,49.4,11.9,2.39,0.86,3.75,0.53,0.07,-0.79,-9.37,2.49,12.88,349.86,Within 3% of 20-day high | MACD bullish | Positive MACD histogram | Volume contracting | Volatility contracting | ATR contracting | Bollinger Bands compressed | Good liquidity,
INVH,2026-08-27,36,29.23,30.09,29.88,27.46,40.0,16.8,1.72,1.95,4.56,0.97,-3.44,-1.48,2.28,5.69,5.69,109.39,Price above SMA200 | SMA20 > SMA50 > SMA200 | SMA50 rising | Volume contracting | ATR contracting | Bollinger Bands compressed | Good liquidity,
GE,2026-08-27,36,342.73,362.18,360.19,319.93,41.8,16.8,2.88,1.41,12.9,1.13,-0.55,-3.47,8.01,13.45,13.45,1303.49,Price above SMA200 | SMA20 > SMA50 > SMA200 | SMA50 rising | Volume contracting | ATR contracting | Bollinger Bands compressed | Good liquidity,
HII,2026-08-27,36,297.29,315.26,296.5,347.09,43.5,25.1,3.09,0.71,16.61,0.53,-1.36,-7.07,1.24,12.53,12.53,144.61,Price above SMA50 | SMA20 rising | SMA50 rising | Strong trend (ADX > 25) | Volume contracting | Volatility contracting | Good liquidity,
KHC,2026-08-27,36,25.13,25.36,25.09,23.52,48.2,12.7,2.87,1.24,8.66,0.91,-1.72,-4.74,9.67,7.88,11.78,373.84,Price above SMA200 | Price above SMA50 | SMA20 > SMA50 > SMA200 | SMA50 rising | Bollinger Bands compressed | Good liquidity,
WDC,2026-08-27,36,462.0,479.59,536.23,364.06,45.6,16.4,8.61,0.94,31.31,0.83,-1.5,-13.33,-17.93,25.54,73.13,3894.93,Price above SMA200 | MACD bullish | Positive MACD histogram | Volume contracting | Volatility contracting | ATR contracting | Bollinger Bands compressed | Good liquidity,
META,2026-08-27,35,571.1,574.7,591.94,622.26,46.9,14.1,3.54,0.93,12.72,0.78,4.63,5.95,-4.35,7.24,20.13,9417.18,MACD bullish | Positive MACD histogram | Positive directional movement | Volume contracting | Volatility contracting | ATR contracting | Bollinger Bands compressed | Positive 20-day momentum | Good liquidity,
PWR,2026-08-27,35,621.83,664.4,664.23,582.5,42.3,15.3,4.57,0.85,17.78,0.68,-6.13,-5.49,-11.92,16.56,19.42,747.48,Price above SMA200 | SMA20 > SMA50 > SMA200 | SMA20 rising | Volume contracting | Volatility contracting | Good liquidity,
ROL,2026-08-27,35,35.94,36.82,40.37,52.51,33.6,38.5,2.81,0.58,6.66,0.61,-1.21,-5.83,-19.82,6.8,31.47,174.87,MACD bullish | Positive MACD histogram | Strong trend (ADX > 25) | Volume contracting | Volatility contracting | ATR contracting | Bollinger Bands compressed | Good liquidity,
EIX,2026-08-27,35,73.68,71.53,74.06,67.3,51.5,20.0,3.11,0.93,13.19,1.35,-1.31,-6.41,5.13,8.75,10.78,259.51,Price above SMA200 | SMA50 rising | Positive RSI | MACD bullish | Positive MACD histogram | Positive directional movement | Volume contracting | Good liquidity,
MAS,2026-08-27,35,72.79,74.22,76.2,68.68,44.2,10.0,2.84,0.85,8.16,0.78,-0.3,1.39,5.96,6.48,14.4,153.5,Price above SMA200 | SMA50 rising | Volume contracting | Volatility contracting | ATR contracting | Bollinger Bands compressed | Positive 20-day momentum | Good liquidity,
ON,2026-08-27,35,74.8,78.42,89.08,77.59,39.1,29.8,5.08,0.71,18.68,0.49,0.12,-10.68,-41.85,15.91,77.03,707.33,MACD bullish | Positive MACD histogram | Strong trend (ADX > 25) | Volume contracting | Volatility contracting | ATR contracting | Bollinger Bands compressed | Good liquidity,
PPG,2026-08-27,35,113.47,114.51,116.16,109.64,47.1,7.9,2.34,0.61,7.22,0.81,0.92,1.92,0.47,5.09,10.09,156.52,Price above SMA200 | SMA50 rising | Volume contracting | Volatility contracting | ATR contracting | Bollinger Bands compressed | Positive 20-day momentum | Good liquidity,
TROW,2026-08-27,35,112.36,112.56,114.07,101.76,47.4,17.7,2.05,0.52,5.14,0.96,0.15,-5.8,9.01,6.69,8.58,187.86,Price above SMA200 | SMA50 rising | MACD bullish | Positive MACD histogram | Volume contracting | ATR contracting | Bollinger Bands compressed | Good liquidity,
TDY,2026-08-27,35,626.5,662.92,647.22,610.8,37.9,24.5,2.48,0.95,14.38,0.9,-1.18,-3.49,1.24,11.36,11.36,193.77,Price above SMA200 | SMA20 > SMA50 > SMA200 | SMA50 rising | Moderate trend | Volume contracting | ATR contracting | Good liquidity,
KEYS,2026-08-27,35,325.82,333.71,330.48,284.26,48.1,16.0,4.02,0.95,18.05,0.91,2.94,4.2,-5.99,12.46,15.08,464.55,Price above SMA200 | SMA20 > SMA50 > SMA200 | SMA20 rising | Volume contracting | ATR contracting | Positive 20-day momentum | Good liquidity,
F,2026-08-27,35,13.95,14.04,13.99,13.19,48.1,17.0,3.03,0.91,6.75,1.11,-0.29,-5.11,-12.69,9.0,15.52,581.94,Price above SMA200 | SMA20 > SMA50 > SMA200 | Positive directional movement | Volume contracting | ATR contracting | Bollinger Bands compressed | Good liquidity,
HSY,2026-08-27,34,181.32,182.69,177.79,189.61,48.8,14.8,2.21,0.87,9.2,0.72,-3.71,3.11,-0.73,5.04,5.04,220.07,Price above SMA50 | SMA20 rising | Volume contracting | Volatility contracting | ATR contracting | Bollinger Bands compressed | Positive 20-day momentum | Good liquidity,
GOOG,2026-08-27,34,337.71,348.63,348.39,333.0,43.2,8.1,2.41,1.04,12.31,0.97,-0.14,1.21,-5.71,13.06,13.06,6052.85,Price above SMA200 | SMA20 > SMA50 > SMA200 | Volume contracting | ATR contracting | Bollinger Bands compressed | Positive 20-day momentum | Good liquidity,
GDDY,2026-08-27,34,96.98,93.8,90.69,97.07,53.5,13.3,4.68,0.89,19.09,1.24,-1.23,-2.37,9.52,5.19,9.3,203.52,Price above SMA50 | SMA50 rising | Positive RSI | MACD bullish | Positive MACD histogram | Positive directional movement | Volume contracting | Good liquidity,
STZ,2026-08-27,34,131.43,133.61,133.98,143.32,45.4,14.8,2.55,0.83,7.29,1.02,-2.02,0.81,-3.14,5.96,11.9,213.77,SMA20 rising | MACD bullish | Positive MACD histogram | Positive directional movement | Volume contracting | ATR contracting | Bollinger Bands compressed | Positive 20-day momentum | Good liquidity,
CI,2026-08-27,34,277.67,277.76,283.48,277.33,47.1,9.8,2.5,0.68,4.45,0.89,1.19,-3.47,2.41,5.14,10.0,496.87,Price above SMA200 | MACD bullish | Positive MACD histogram | Positive directional movement | Volume contracting | ATR contracting | Bollinger Bands compressed | Good liquidity,
RCL,2026-08-27,34,284.8,305.8,302.63,285.77,35.7,16.8,3.18,0.88,17.14,0.72,-0.98,-11.54,-1.56,17.28,17.28,467.68,SMA20 > SMA50 > SMA200 | SMA50 rising | Volume contracting | Volatility contracting | ATR contracting | Bollinger Bands compressed | Good liquidity,
CBRE,2026-08-27,34,147.22,149.61,143.07,147.37,49.1,23.7,2.91,1.0,7.15,0.99,-3.01,-1.5,15.14,6.34,6.34,199.65,Price above SMA50 | SMA20 rising | SMA50 rising | Moderate trend | Positive directional movement | Volume contracting | Bollinger Bands compressed | Good liquidity,
LIN,2026-08-27,33,485.35,484.7,505.15,476.88,44.5,20.4,1.9,0.85,4.39,1.18,0.84,-4.58,-1.82,6.06,12.95,1081.21,Price above SMA200 | MACD bullish | Positive MACD histogram | Moderate trend | Volume contracting | ATR contracting | Bollinger Bands compressed | Good liquidity,
NOC,2026-08-27,33,545.13,563.74,541.94,601.06,44.8,14.2,2.45,1.22,10.64,0.88,-3.32,1.92,1.59,9.06,9.06,374.05,Price above SMA50 | SMA20 rising | SMA50 rising | Volume contracting | ATR contracting | Bollinger Bands compressed | Positive 20-day momentum | Good liquidity,
KR,2026-08-27,33,56.93,56.96,57.36,63.53,47.4,11.9,2.46,0.85,6.6,0.62,1.08,-0.93,-6.89,3.99,12.49,339.09,Within 5% of 20-day high | MACD bullish | Positive MACD histogram | Volume contracting | Volatility contracting | ATR contracting | Bollinger Bands compressed | Good liquidity,
PNW,2026-08-27,32,97.89,99.81,103.08,96.71,37.0,17.7,1.81,0.78,5.24,0.72,-1.5,-2.51,-0.04,4.9,12.53,111.9,Price above SMA200 | Within 5% of 20-day high | Volume contracting | Volatility contracting | ATR contracting | Bollinger Bands compressed | Good liquidity,
DOW,2026-08-27,32,30.33,30.77,30.03,30.89,47.2,13.9,3.47,0.76,11.24,0.95,-7.81,0.8,-12.64,10.12,12.03,259.62,Price above SMA50 | SMA20 rising | Positive directional movement | Volume contracting | ATR contracting | Bollinger Bands compressed | Positive 20-day momentum | Good liquidity,
SPG,2026-08-27,32,214.89,221.55,223.17,198.34,37.6,19.7,1.67,1.04,6.37,0.66,-2.28,-6.75,6.74,9.48,10.99,283.85,Price above SMA200 | SMA50 rising | Volume contracting | Volatility contracting | ATR contracting | Bollinger Bands compressed | Good liquidity,
O,2026-08-27,32,61.8,62.66,63.0,60.6,40.8,13.4,1.48,0.97,3.32,0.61,-2.17,-3.68,4.04,6.33,8.2,342.86,Price above SMA200 | SMA50 rising | Volume contracting | Volatility contracting | ATR contracting | Bollinger Bands compressed | Good liquidity,
STX,2026-08-27,32,847.2,858.58,880.59,576.35,48.9,14.0,7.61,1.11,23.97,0.81,-0.36,-0.53,-8.5,19.69,35.05,3782.12,Price above SMA200 | SMA20 rising | Volume contracting | Volatility contracting | ATR contracting | Bollinger Bands compressed | Good liquidity,
HBAN,2026-08-27,32,16.86,17.4,17.57,16.75,38.4,17.5,2.04,1.08,8.08,0.76,-0.88,-1.29,4.82,7.71,10.2,375.03,Price above SMA200 | SMA50 rising | Volume contracting | Volatility contracting | ATR contracting | Bollinger Bands compressed | Good liquidity,
HWM,2026-08-27,32,267.65,280.63,277.82,243.79,40.8,17.1,3.14,1.27,12.74,1.04,-2.19,-3.43,6.8,15.77,15.77,601.9,Price above SMA200 | SMA20 > SMA50 > SMA200 | SMA50 rising | Volume contracting | ATR contracting | Good liquidity,
BA,2026-08-27,32,209.89,224.84,220.8,219.8,37.4,22.7,2.6,0.81,17.5,1.1,-2.42,-4.98,-3.59,14.86,14.86,1235.57,SMA20 > SMA50 > SMA200 | SMA20 rising | SMA50 rising | Moderate trend | Volume contracting | ATR contracting | Good liquidity,
FICO,2026-08-27,32,1157.06,1096.49,1170.43,1324.66,52.3,12.9,4.5,0.53,17.77,0.9,0.64,1.54,-7.56,7.05,21.88,374.45,Positive RSI | MACD bullish | Positive MACD histogram | Positive directional movement | Volume contracting | ATR contracting | Bollinger Bands compressed | Positive 20-day momentum | Good liquidity,
GEV,2026-08-27,32,953.83,997.45,1034.39,875.19,42.5,15.3,4.94,0.8,15.92,0.6,-1.26,-2.87,-1.58,15.29,25.38,1967.92,Price above SMA200 | SMA50 rising | Volume contracting | Volatility contracting | ATR contracting | Bollinger Bands compressed | Good liquidity,
FITB,2026-08-27,32,54.85,56.52,56.53,50.01,38.4,18.5,1.92,0.9,9.06,0.84,0.64,-3.07,9.8,6.89,8.48,290.92,Price above SMA200 | SMA50 rising | Volume contracting | Volatility contracting | ATR contracting | Bollinger Bands compressed | Good liquidity,
KIM,2026-08-27,32,23.81,24.4,25.04,22.65,34.0,19.9,1.59,1.29,7.31,0.67,-1.45,-6.66,1.52,9.7,11.93,105.14,Price above SMA200 | SMA50 rising | Volume contracting | Volatility contracting | ATR contracting | Bollinger Bands compressed | Good liquidity,
CB,2026-08-27,32,338.31,345.64,346.49,323.82,42.1,17.0,1.84,0.75,4.75,0.55,-1.33,-3.38,8.68,6.22,8.16,553.08,Price above SMA200 | SMA50 rising | Volume contracting | Volatility contracting | ATR contracting | Bollinger Bands compressed | Good liquidity,
ORLY,2026-08-27,32,87.83,91.03,88.92,92.49,42.5,10.4,2.54,0.88,7.03,0.63,-1.4,0.54,1.86,7.16,7.16,420.0,SMA20 rising | SMA50 rising | Volume contracting | Volatility contracting | ATR contracting | Bollinger Bands compressed | Positive 20-day momentum | Good liquidity,
TAP,2026-08-27,32,41.66,42.15,40.99,43.66,48.9,23.2,2.87,0.88,5.96,0.88,-2.23,0.26,7.07,6.82,6.82,114.41,Price above SMA50 | SMA50 rising | Moderate trend | Positive directional movement | Volume contracting | Bollinger Bands compressed | Positive 20-day momentum | Good liquidity,
AMAT,2026-08-27,32,482.36,513.19,553.23,399.65,41.8,14.7,5.74,0.86,17.22,0.56,-2.79,-3.77,-1.46,16.75,53.18,3752.22,Price above SMA200 | SMA50 rising | Volume contracting | Volatility contracting | ATR contracting | Bollinger Bands compressed | Good liquidity,
COO,2026-08-27,32,70.96,74.94,72.28,73.43,38.1,23.5,2.27,0.87,8.92,0.85,-6.83,-2.33,19.28,10.08,10.08,131.35,SMA20 rising | SMA50 rising | Moderate trend | Volume contracting | Volatility contracting | ATR contracting | Bollinger Bands compressed | Good liquidity,
CCI,2026-08-27,31,75.03,75.26,77.22,83.93,45.7,24.1,2.74,0.59,5.84,0.74,-0.48,-1.93,-15.59,5.49,19.47,232.66,MACD bullish | Positive MACD histogram | Moderate trend | Volume contracting | Volatility contracting | ATR contracting | Bollinger Bands compressed | Good liquidity,
DPZ,2026-08-27,31,332.06,348.57,327.91,363.74,44.3,21.3,3.38,1.08,11.94,0.84,-0.69,-5.73,8.64,12.08,12.08,254.96,Price above SMA50 | SMA50 rising | Moderate trend | Volume contracting | Volatility contracting | Bollinger Bands compressed | Good liquidity,
EVRG,2026-08-27,31,81.42,82.38,83.95,79.15,41.6,11.8,1.69,1.82,3.87,0.88,-2.09,-1.38,0.92,3.86,7.94,162.51,Price above SMA200 | SMA50 rising | Within 5% of 20-day high | Volume contracting | ATR contracting | Bollinger Bands compressed | Good liquidity,
TMUS,2026-08-27,31,177.75,179.43,181.2,194.31,45.3,11.4,2.7,0.94,6.76,0.61,-1.91,2.54,-5.87,5.47,11.88,753.98,MACD bullish | Positive MACD histogram | Volume contracting | Volatility contracting | ATR contracting | Bollinger Bands compressed | Positive 20-day momentum | Good liquidity,
WY,2026-08-27,31,23.7,24.77,24.31,24.0,41.5,14.7,2.54,0.78,10.16,1.05,-3.74,0.85,-2.0,9.7,9.7,132.56,SMA20 > SMA50 > SMA200 | SMA50 rising | Volume contracting | ATR contracting | Bollinger Bands compressed | Positive 20-day momentum | Good liquidity,
LII,2026-08-27,31,391.15,418.19,491.25,499.01,29.3,37.6,3.87,0.83,16.41,0.59,-3.67,-6.3,-24.07,16.71,50.14,221.86,MACD bullish | Positive MACD histogram | Strong trend (ADX > 25) | Volume contracting | Volatility contracting | ATR contracting | Good liquidity,
TT,2026-08-27,31,454.31,467.75,473.28,442.59,42.5,15.5,2.65,0.82,10.14,0.84,0.71,3.19,-0.78,8.67,11.35,474.64,Price above SMA200 | SMA50 rising | Volume contracting | Volatility contracting | ATR contracting | Positive 20-day momentum | Good liquidity,
AVGO,2026-08-27,30,371.54,392.08,386.56,368.47,43.9,22.5,3.81,1.09,25.68,0.98,2.06,-4.2,-22.73,16.47,16.47,7628.65,Price above SMA200 | SMA20 > SMA50 > SMA200 | Moderate trend | Volume contracting | ATR contracting | Good liquidity,
INTC,2026-08-27,30,92.09,95.9,105.55,72.53,44.3,16.4,6.31,0.97,23.61,0.76,-0.04,1.05,-14.68,16.81,54.58,9929.58,Price above SMA200 | Volume contracting | Volatility contracting | ATR contracting | Bollinger Bands compressed | Positive 20-day momentum | Good liquidity,
FLEX,2026-08-27,30,115.3,118.4,128.24,93.42,46.0,18.2,5.82,0.91,22.04,0.78,4.51,3.03,-27.68,14.16,43.88,387.55,Price above SMA200 | Volume contracting | Volatility contracting | ATR contracting | Bollinger Bands compressed | Positive 20-day momentum | Good liquidity,
CSCO,2026-08-27,30,112.15,115.55,115.4,93.18,45.6,21.9,2.92,0.65,16.82,1.11,2.34,-1.24,-12.06,11.2,11.2,2414.74,Price above SMA200 | SMA20 > SMA50 > SMA200 | Moderate trend | Volume contracting | ATR contracting | Good liquidity,
VRT,2026-08-27,30,269.28,270.88,290.52,254.66,47.2,13.3,5.75,0.94,19.32,0.72,1.76,18.36,-19.48,11.52,33.15,1315.26,Price above SMA200 | Volume contracting | Volatility contracting | ATR contracting | Bollinger Bands compressed | Positive 20-day momentum | Good liquidity,
LEN,2026-08-27,30,85.11,86.37,86.22,98.52,47.1,8.4,3.07,0.92,6.73,0.99,-0.36,1.62,-5.81,5.33,12.16,190.71,SMA20 rising | MACD bullish | Positive MACD histogram | Volume contracting | ATR contracting | Bollinger Bands compressed | Positive 20-day momentum | Good liquidity,
DVA,2026-08-27,30,178.88,187.59,212.04,162.33,32.7,40.1,3.53,0.47,42.26,1.43,2.08,-25.11,-4.8,38.36,38.36,199.21,Price above SMA200 | MACD bullish | Positive MACD histogram | Strong trend (ADX > 25) | Volume contracting | Good liquidity,
KLAC,2026-08-27,30,183.77,192.37,214.73,169.41,40.5,17.3,5.52,0.67,18.66,0.56,-1.12,2.02,-10.04,16.75,67.07,1884.85,Price above SMA200 | Volume contracting | Volatility contracting | ATR contracting | Bollinger Bands compressed | Positive 20-day momentum | Good liquidity,
ADI,2026-08-27,30,374.52,377.67,384.96,343.54,47.0,15.4,3.24,1.06,8.08,0.71,1.16,2.14,-11.5,5.99,19.06,1379.47,Price above SMA200 | Volume contracting | Volatility contracting | ATR contracting | Bollinger Bands compressed | Positive 20-day momentum | Good liquidity,
TXN,2026-08-27,30,266.54,273.09,285.85,234.5,43.4,20.1,3.54,0.93,11.95,0.72,0.35,-3.89,-13.05,8.66,24.68,1643.42,Price above SMA200 | Moderate trend | Volume contracting | Volatility contracting | ATR contracting | Bollinger Bands compressed | Good liquidity,
CAT,2026-08-27,30,817.0,839.13,896.27,763.96,41.8,11.7,3.85,0.67,10.46,0.76,0.2,0.97,-10.03,14.44,31.15,2296.91,Price above SMA200 | Volume contracting | Volatility contracting | ATR contracting | Bollinger Bands compressed | Positive 20-day momentum | Good liquidity,
OTIS,2026-08-27,30,71.48,72.17,72.19,79.61,47.2,12.3,2.04,0.97,4.85,0.87,-0.4,0.31,2.25,4.01,5.56,219.06,SMA50 rising | Within 5% of 20-day high | Positive directional movement | Volume contracting | ATR contracting | Bollinger Bands compressed | Positive 20-day momentum | Good liquidity,
DHI,2026-08-27,30,145.26,148.23,150.87,149.01,45.5,8.5,2.97,0.89,6.45,1.04,-1.41,0.11,-1.5,6.29,17.23,282.03,SMA50 rising | MACD bullish | Positive MACD histogram | Volume contracting | ATR contracting | Bollinger Bands compressed | Positive 20-day momentum | Good liquidity,
MAR,2026-08-27,30,353.87,355.44,367.07,341.89,43.6,10.8,2.11,0.83,6.68,1.22,-0.77,-5.56,-5.13,7.34,13.95,629.52,Price above SMA200 | MACD bullish | Positive MACD histogram | Volume contracting | ATR contracting | Bollinger Bands compressed | Good liquidity,
NXPI,2026-08-27,29,225.86,229.77,259.7,241.71,38.7,33.1,3.62,0.72,8.91,0.87,1.3,-7.87,-29.97,11.45,44.51,817.43,MACD bullish | Positive MACD histogram | Strong trend (ADX > 25) | Volume contracting | ATR contracting | Bollinger Bands compressed | Good liquidity,
ES,2026-08-27,29,70.92,71.74,72.76,69.35,43.3,20.8,1.89,0.9,3.43,0.96,-1.7,-3.95,3.52,6.58,7.97,155.71,Price above SMA200 | SMA50 rising | Moderate trend | Volume contracting | ATR contracting | Bollinger Bands compressed | Good liquidity,
AEE,2026-08-27,29,106.75,108.45,110.79,106.89,40.8,13.6,1.76,0.72,4.12,0.68,-1.88,-1.84,0.68,3.93,10.84,166.95,SMA50 rising | Within 5% of 20-day high | Volume contracting | Volatility contracting | ATR contracting | Bollinger Bands compressed | Good liquidity,
AFL,2026-08-27,29,116.58,120.71,121.01,113.34,38.8,25.2,1.74,0.88,11.79,1.04,0.35,-8.0,3.11,9.63,11.14,242.92,Price above SMA200 | SMA50 rising | Strong trend (ADX > 25) | Volume contracting | ATR contracting | Good liquidity,
LOW,2026-08-27,29,206.74,216.3,214.56,234.87,39.6,16.4,2.72,1.06,7.69,0.83,-4.88,-1.59,0.67,9.21,10.0,627.57,SMA20 rising | SMA50 rising | Volume contracting | Volatility contracting | ATR contracting | Bollinger Bands compressed | Good liquidity,
ODFL,2026-08-27,28,200.06,209.14,218.04,194.62,35.8,27.9,3.19,0.79,11.25,0.87,-2.18,-5.84,-12.56,11.8,19.26,312.4,Price above SMA200 | Strong trend (ADX > 25) | Volume contracting | ATR contracting | Bollinger Bands compressed | Good liquidity,
KMI,2026-08-27,28,31.54,31.64,31.83,30.44,48.5,14.4,2.57,0.79,7.24,1.16,-0.22,0.55,1.26,4.82,4.82,329.18,Price above SMA200 | Within 5% of 20-day high | Within 5% of 50-day high | Positive directional movement | Positive 20-day momentum | Good liquidity,
ROST,2026-08-27,28,229.87,244.31,234.44,210.08,39.7,20.4,2.81,0.85,13.88,0.93,0.38,-8.99,2.9,11.8,11.8,660.01,Price above SMA200 | SMA20 > SMA50 > SMA200 | SMA50 rising | Moderate trend | Good liquidity,
L,2026-08-27,28,109.82,113.0,113.73,108.55,34.9,19.3,1.75,0.71,7.54,0.62,-0.79,-5.58,4.72,7.69,10.13,69.59,Price above SMA200 | SMA50 rising | Volume contracting | Volatility contracting | ATR contracting | Good liquidity,
FIX,2026-08-27,27,1614.98,1703.21,1759.74,1471.88,43.0,16.7,5.78,0.89,16.59,0.72,-3.46,-4.83,-14.2,16.64,28.25,668.99,Price above SMA200 | Volume contracting | Volatility contracting | ATR contracting | Bollinger Bands compressed | Good liquidity,
BG,2026-08-27,27,111.57,110.81,112.18,112.16,47.9,12.7,3.32,1.11,11.82,0.77,-4.29,6.86,-13.05,6.43,12.0,146.23,MACD bullish | Positive MACD histogram | Volatility contracting | ATR contracting | Bollinger Bands compressed | Positive 20-day momentum | Good liquidity,
ESS,2026-08-27,27,280.76,286.29,288.72,262.77,41.5,17.4,1.88,1.23,4.56,0.85,-2.42,-0.39,2.04,4.97,8.05,115.39,Price above SMA200 | SMA50 rising | Within 5% of 20-day high | ATR contracting | Bollinger Bands compressed | Good liquidity,
MPWR,2026-08-27,27,1311.08,1353.23,1356.98,1238.95,45.7,13.4,5.07,0.67,13.31,0.85,0.04,-0.39,-19.19,19.61,26.13,931.59,Price above SMA200 | Volume contracting | Volatility contracting | ATR contracting | Bollinger Bands compressed | Good liquidity,
DD,2026-08-27,27,138.8,141.19,139.26,135.7,47.5,11.5,2.46,0.51,9.27,1.17,0.25,-0.03,-4.92,7.65,7.65,236.61,Price above SMA200 | SMA20 > SMA50 > SMA200 | Volume contracting | ATR contracting | Good liquidity,
RDDT,2026-08-27,26,153.95,156.51,171.65,175.9,45.1,11.1,6.62,0.31,18.12,1.28,2.42,-13.53,-8.98,19.7,35.14,1373.29,MACD bullish | Positive MACD histogram | Positive directional movement | Volume contracting | ATR contracting | Bollinger Bands compressed | Good liquidity,
TTWO,2026-08-27,26,233.0,240.59,241.81,228.41,42.9,13.9,3.62,1.78,9.9,1.03,-2.98,-5.83,4.78,10.14,14.14,572.0,Price above SMA200 | SMA50 rising | Volume contracting | ATR contracting | Bollinger Bands compressed | Good liquidity,
REG,2026-08-27,26,75.46,77.06,79.08,74.87,33.9,24.2,1.5,0.54,7.45,0.77,-1.37,-6.1,0.19,7.69,10.87,93.95,Price above SMA200 | Moderate trend | Volume contracting | Volatility contracting | ATR contracting | Good liquidity,
D,2026-08-27,26,66.5,67.84,69.05,63.25,36.3,19.7,1.63,1.02,5.31,0.93,-1.44,-4.63,0.05,6.45,9.76,235.78,Price above SMA200 | SMA50 rising | Volume contracting | ATR contracting | Bollinger Bands compressed | Good liquidity,
CVS,2026-08-27,26,92.92,96.24,101.11,85.06,37.6,34.3,2.53,0.55,16.08,1.08,-0.78,-11.69,4.46,13.83,18.38,756.84,Price above SMA200 | SMA50 rising | Strong trend (ADX > 25) | Volume contracting | Good liquidity,
CARR,2026-08-27,26,58.84,62.11,66.29,60.93,31.6,26.4,2.94,1.06,13.43,0.64,-2.18,-4.15,-11.09,12.4,29.99,336.57,Strong trend (ADX > 25) | Volume contracting | Volatility contracting | ATR contracting | Bollinger Bands compressed | Good liquidity,
AKAM,2026-08-27,25,111.24,115.87,117.7,109.04,44.7,23.8,4.83,0.85,21.46,1.03,1.04,-2.21,-30.61,14.2,23.99,414.49,Price above SMA200 | Moderate trend | Volume contracting | ATR contracting | Bollinger Bands compressed | Good liquidity,
MAA,2026-08-27,25,128.79,132.39,133.82,129.83,39.5,8.2,1.87,0.88,4.42,0.82,-2.48,-3.4,1.02,6.37,10.84,113.75,SMA50 rising | Volume contracting | Volatility contracting | ATR contracting | Bollinger Bands compressed | Good liquidity,
JBL,2026-08-27,25,312.22,334.4,335.5,289.84,42.0,19.9,4.65,0.94,25.65,1.02,-1.4,1.22,-16.31,20.71,37.35,327.35,Price above SMA200 | SMA20 rising | Volume contracting | ATR contracting | Positive 20-day momentum | Good liquidity,
ECHO,2026-08-27,25,86.47,88.4,93.03,107.13,42.4,20.0,4.11,0.54,11.57,0.99,-0.52,0.39,-30.01,9.81,43.63,325.82,MACD bullish | Positive MACD histogram | Volume contracting | ATR contracting | Bollinger Bands compressed | Positive 20-day momentum | Good liquidity,
AIG,2026-08-27,25,76.63,77.31,77.77,76.78,46.4,13.3,1.86,1.42,7.32,0.64,1.16,-2.86,4.52,5.75,7.59,231.22,SMA50 rising | Volume contracting | Volatility contracting | ATR contracting | Bollinger Bands compressed | Good liquidity,
AXP,2026-08-27,25,334.16,339.77,342.57,336.7,44.4,10.2,1.93,0.87,5.2,0.77,0.91,-1.0,7.75,5.49,8.67,793.06,SMA50 rising | Volume contracting | Volatility contracting | ATR contracting | Bollinger Bands compressed | Good liquidity,
FE,2026-08-27,25,46.25,47.07,47.51,46.67,40.3,15.5,1.78,0.88,4.32,0.8,-1.97,-4.11,3.06,6.64,8.01,194.13,SMA50 rising | Volume contracting | Volatility contracting | ATR contracting | Bollinger Bands compressed | Good liquidity,
FRT,2026-08-27,25,116.92,118.71,121.36,109.08,37.0,23.5,1.43,0.7,7.74,0.91,-0.28,-5.78,-1.11,7.92,9.66,96.66,Price above SMA200 | Moderate trend | Volume contracting | ATR contracting | Bollinger Bands compressed | Good liquidity,
CRH,2026-08-27,25,95.58,96.91,101.57,111.16,44.0,24.1,2.84,1.01,8.96,0.98,2.67,-0.04,-9.91,6.58,21.82,438.19,MACD bullish | Positive MACD histogram | Moderate trend | Volume contracting | ATR contracting | Bollinger Bands compressed | Good liquidity,
DAL,2026-08-27,25,81.14,87.44,87.52,73.27,37.5,21.2,2.96,1.02,18.72,0.97,0.1,-8.41,1.65,17.09,17.63,402.71,Price above SMA200 | SMA50 rising | Moderate trend | Volume contracting | ATR contracting | Good liquidity,
APP,2026-08-27,25,312.63,334.3,411.62,493.99,35.3,36.9,5.7,0.58,47.6,1.1,1.25,-22.59,-48.38,40.03,84.39,2384.23,MACD bullish | Positive MACD histogram | Strong trend (ADX > 25) | Volume contracting | ATR contracting | Good liquidity,
TTD,2026-08-27,25,13.42,14.75,17.03,25.89,35.3,25.9,6.09,0.68,59.29,1.33,0.75,-26.59,-36.4,45.68,53.02,448.78,MACD bullish | Positive MACD histogram | Strong trend (ADX > 25) | Volume contracting | ATR contracting | Good liquidity,
COHR,2026-08-27,25,295.39,312.84,321.74,272.71,47.1,12.3,9.65,0.64,37.05,1.12,1.85,18.6,-30.8,32.49,48.85,2432.29,Price above SMA200 | SMA20 rising | Volume contracting | ATR contracting | Positive 20-day momentum | Good liquidity,
VMRK,2026-08-27,25,65.5,66.13,67.14,62.74,45.6,14.9,2.21,0.86,7.98,1.1,0.55,-2.41,-0.04,6.06,9.16,330.44,Price above SMA200 | SMA50 rising | MACD bullish | Positive MACD histogram | Good liquidity,
MLM,2026-08-27,25,528.59,539.3,563.86,602.78,42.1,20.9,2.6,0.9,7.36,0.87,0.63,-2.11,-8.38,9.18,21.49,305.89,MACD bullish | Positive MACD histogram | Moderate trend | Volume contracting | ATR contracting | Bollinger Bands compressed | Good liquidity,
WRB,2026-08-27,25,68.34,70.3,71.05,68.86,38.6,16.6,1.96,1.02,7.36,0.61,-1.21,-6.87,5.79,9.86,13.33,113.03,SMA50 rising | Volume contracting | Volatility contracting | ATR contracting | Bollinger Bands compressed | Good liquidity,
ISRG,2026-08-27,24,367.07,381.59,384.8,469.58,42.2,15.2,3.21,0.68,14.01,0.75,-1.98,3.99,-8.76,10.43,20.91,1002.51,SMA20 rising | Volume contracting | Volatility contracting | ATR contracting | Positive 20-day momentum | Good liquidity,
ATO,2026-08-27,24,167.22,169.2,172.34,173.79,41.2,11.6,1.7,0.78,3.9,0.78,-1.34,-3.46,-0.31,5.46,8.57,177.92,Positive directional movement | Volume contracting | Volatility contracting | ATR contracting | Bollinger Bands compressed | Good liquidity,
EBAY,2026-08-27,24,102.27,106.1,109.68,97.76,40.7,18.3,3.11,0.75,13.57,1.12,-2.24,-9.91,-6.07,12.61,15.51,487.79,Price above SMA200 | MACD bullish | Positive MACD histogram | Volume contracting | Good liquidity,
CMI,2026-08-27,23,573.87,616.92,649.41,593.45,31.8,41.0,3.45,1.06,17.23,0.68,-2.91,-9.0,-14.37,14.76,28.08,586.45,Strong trend (ADX > 25) | Volume contracting | Volatility contracting | ATR contracting | Good liquidity,
TXT,2026-08-27,23,82.35,86.39,88.87,90.06,36.0,26.4,2.59,1.1,12.01,0.76,-2.39,-5.44,-9.85,9.59,18.18,120.42,Strong trend (ADX > 25) | Volume contracting | Volatility contracting | ATR contracting | Good liquidity,
KEY,2026-08-27,23,22.02,22.55,22.85,21.06,40.4,18.9,1.85,0.86,8.39,0.91,0.78,-2.61,3.97,6.54,9.31,202.98,Price above SMA200 | SMA50 rising | Volume contracting | ATR contracting | Good liquidity,
IRM,2026-08-27,23,122.69,123.82,124.24,108.02,47.8,10.7,3.34,0.78,8.79,0.91,-0.2,-1.56,-3.84,6.0,9.77,200.39,Price above SMA200 | Positive directional movement | Volume contracting | Bollinger Bands compressed | Good liquidity,
ADM,2026-08-27,23,79.1,79.33,79.61,70.47,47.1,15.9,3.12,0.69,7.56,1.12,-3.18,-1.25,-3.47,5.99,11.13,314.7,Price above SMA200 | Positive directional movement | Volume contracting | Bollinger Bands compressed | Good liquidity,
UAL,2026-08-27,23,112.39,122.02,123.36,107.9,39.0,18.1,3.61,0.71,22.09,1.04,0.61,-9.04,3.28,20.45,23.47,363.88,Price above SMA200 | SMA50 rising | Volume contracting | ATR contracting | Good liquidity,
HST,2026-08-27,23,22.34,23.33,23.7,20.07,35.4,23.2,2.26,0.8,15.85,1.17,-3.25,-10.96,-1.92,15.09,15.09,235.07,Price above SMA200 | SMA50 rising | Moderate trend | Volume contracting | Good liquidity,
SRE,2026-08-27,23,84.75,85.6,89.67,90.42,42.8,22.9,2.24,0.64,6.64,1.21,-3.01,-5.39,-4.68,6.17,13.3,342.16,MACD bullish | Positive MACD histogram | Moderate trend | Volume contracting | Bollinger Bands compressed | Good liquidity,
MGM,2026-08-27,22,42.97,43.94,45.62,39.33,37.0,15.9,1.98,0.87,5.98,0.99,-0.46,-5.89,-11.15,7.59,17.64,100.22,Price above SMA200 | Volume contracting | ATR contracting | Bollinger Bands compressed | Good liquidity,
JBHT,2026-08-27,22,263.39,270.89,276.83,233.75,41.5,19.8,3.2,0.59,9.62,0.97,-4.04,-2.0,-4.27,9.32,13.62,206.3,Price above SMA200 | Volume contracting | ATR contracting | Bollinger Bands compressed | Good liquidity,
BSX,2026-08-27,22,46.67,49.73,46.54,68.42,42.3,16.5,3.83,0.83,12.81,1.12,-5.47,1.46,-2.12,13.54,13.54,969.03,Price above SMA50 | SMA20 rising | Bollinger Bands compressed | Positive 20-day momentum | Good liquidity,
LUV,2026-08-27,22,39.76,43.88,46.68,42.65,30.8,29.8,3.42,0.83,26.37,1.03,-0.33,-12.81,-5.68,25.08,33.63,199.77,SMA50 rising | Strong trend (ADX > 25) | Volume contracting | ATR contracting | Good liquidity,
WYNN,2026-08-27,22,93.61,100.31,99.14,107.53,31.9,21.5,2.93,1.19,9.83,0.96,-6.01,-6.81,-10.3,16.41,16.41,157.59,SMA20 rising | Moderate trend | Volume contracting | ATR contracting | Bollinger Bands compressed | Good liquidity,
VMC,2026-08-27,22,273.85,278.45,286.63,287.96,44.4,7.7,2.64,1.27,7.78,0.95,1.17,1.15,-2.65,5.54,17.06,255.74,SMA50 rising | Volume contracting | ATR contracting | Bollinger Bands compressed | Positive 20-day momentum | Good liquidity,
FSLR,2026-08-27,22,210.1,224.72,225.08,232.33,42.0,17.6,5.03,0.57,24.24,1.23,-1.85,1.99,-32.45,28.37,32.79,589.52,SMA20 rising | Volume contracting | ATR contracting | Bollinger Bands compressed | Positive 20-day momentum | Good liquidity,
FISV,2026-08-27,21,52.58,53.07,51.58,58.65,49.9,10.3,3.43,0.51,9.35,1.05,2.34,-2.76,-6.87,7.7,7.7,433.84,Price above SMA50 | Volume contracting | ATR contracting | Bollinger Bands compressed | Good liquidity,
TKO,2026-08-27,21,184.34,191.2,191.38,196.21,41.8,22.5,3.07,0.59,12.46,1.0,-5.68,0.29,-9.55,10.14,18.72,222.8,SMA20 rising | Moderate trend | Volume contracting | ATR contracting | Positive 20-day momentum | Good liquidity,
ROK,2026-08-27,21,433.0,442.82,457.57,416.72,42.1,21.8,2.64,0.64,12.38,1.01,0.36,-7.79,-6.27,12.67,14.51,382.34,Price above SMA200 | Moderate trend | Volume contracting | ATR contracting | Good liquidity,
WM,2026-08-27,21,217.76,224.85,228.15,223.64,33.8,11.4,1.92,1.13,4.31,0.58,-3.18,-3.79,3.2,6.34,13.5,451.55,SMA50 rising | Volatility contracting | ATR contracting | Bollinger Bands compressed | Good liquidity,
PEG,2026-08-27,21,73.33,75.07,78.16,79.4,35.4,25.5,1.73,0.7,6.1,0.93,-1.73,-5.44,-5.56,7.21,14.14,193.37,Strong trend (ADX > 25) | Volume contracting | ATR contracting | Bollinger Bands compressed | Good liquidity,
STLD,2026-08-27,21,235.84,249.76,243.28,207.07,43.6,19.2,4.02,0.63,24.61,1.05,7.69,-6.6,-12.91,15.91,18.02,304.3,Price above SMA200 | SMA20 > SMA50 > SMA200 | Good liquidity,
XYL,2026-08-27,21,112.65,117.34,117.57,124.41,39.9,21.2,2.55,1.32,12.22,0.83,-0.32,-3.2,2.53,9.66,12.45,187.18,SMA50 rising | Moderate trend | Volume contracting | Volatility contracting | Good liquidity,
VICI,2026-08-27,20,25.77,26.31,26.49,27.39,40.8,9.4,1.8,0.85,4.31,0.74,-3.01,-2.05,-4.85,5.36,8.04,253.96,Volume contracting | Volatility contracting | ATR contracting | Bollinger Bands compressed | Good liquidity,
YUM,2026-08-27,20,150.75,150.23,153.21,153.94,49.0,12.9,2.79,0.77,9.89,1.19,-1.04,-3.98,2.84,10.22,12.86,384.77,MACD bullish | Positive MACD histogram | Positive directional movement | Volume contracting | Good liquidity,
AZO,2026-08-27,20,2932.33,3028.84,3045.57,3406.45,40.6,10.9,2.78,1.0,5.98,0.69,-1.0,-2.47,-3.2,7.76,10.46,640.02,Volume contracting | Volatility contracting | ATR contracting | Bollinger Bands compressed | Good liquidity,
ZTS,2026-08-27,20,75.02,75.57,75.45,103.29,47.7,11.4,3.59,0.6,8.49,1.23,0.0,-1.33,-1.11,6.86,6.86,499.32,MACD bullish | Positive MACD histogram | Positive directional movement | Volume contracting | Good liquidity,
LNT,2026-08-27,20,68.21,69.57,72.52,69.51,37.5,17.7,1.84,0.62,5.73,0.85,-1.8,-3.05,-3.14,5.18,14.67,170.71,Volume contracting | Volatility contracting | ATR contracting | Bollinger Bands compressed | Good liquidity,
DDOG,2026-08-27,20,242.93,247.33,249.24,175.39,49.5,17.3,6.07,0.87,30.03,1.38,4.46,-9.54,-9.74,20.5,20.5,1287.63,Price above SMA200 | SMA50 rising | Volume contracting | Good liquidity,
DOV,2026-08-27,20,201.82,205.94,211.25,209.15,42.3,14.5,2.17,1.07,6.61,0.51,0.97,-1.1,-4.73,6.32,15.77,193.72,Volume contracting | Volatility contracting | ATR contracting | Bollinger Bands compressed | Good liquidity,
DTE,2026-08-27,20,136.24,138.9,145.03,140.13,37.2,16.1,1.76,0.94,5.95,0.82,-1.38,-3.85,-3.73,5.75,14.32,183.43,Volume contracting | Volatility contracting | ATR contracting | Bollinger Bands compressed | Good liquidity,
EXC,2026-08-27,20,43.96,45.1,46.07,45.55,37.6,14.6,1.99,0.87,5.72,0.81,-2.44,-3.55,-1.39,6.26,10.42,273.43,Volume contracting | Volatility contracting | ATR contracting | Bollinger Bands compressed | Good liquidity,
FERG,2026-08-27,20,233.26,244.87,236.31,238.37,43.5,14.3,2.97,0.23,13.48,1.25,-2.22,3.43,2.87,14.4,14.4,1112.57,SMA20 rising | SMA50 rising | Volume contracting | Positive 20-day momentum | Good liquidity,
GNRC,2026-08-27,20,197.29,210.16,228.44,207.61,37.7,22.8,5.22,2.29,14.36,0.91,-4.58,2.8,-30.67,14.55,50.26,214.14,Moderate trend | Volume contracting | ATR contracting | Bollinger Bands compressed | Positive 20-day momentum | Good liquidity,
MCD,2026-08-27,20,260.06,270.26,271.01,295.05,36.7,11.7,2.01,1.32,6.03,0.84,-3.37,-3.12,-5.9,7.04,11.24,1224.93,Volume contracting | Volatility contracting | ATR contracting | Bollinger Bands compressed | Good liquidity,
CMS,2026-08-27,20,68.35,70.13,72.74,72.65,35.3,14.3,1.8,0.55,6.15,0.84,-2.12,-4.65,-4.1,8.07,14.47,258.02,Volume contracting | Volatility contracting | ATR contracting | Bollinger Bands compressed | Good liquidity,
TPL,2026-08-27,20,369.71,369.2,388.0,389.9,46.8,15.4,4.58,0.65,19.3,1.12,0.04,-6.22,-0.3,11.29,20.09,155.27,MACD bullish | Positive MACD histogram | Positive directional movement | Volume contracting | Good liquidity,
SYK,2026-08-27,19,322.12,335.41,327.94,338.54,42.8,8.8,3.0,0.92,8.6,0.92,-1.7,-7.45,10.12,9.12,9.43,787.75,SMA50 rising | Volume contracting | ATR contracting | Bollinger Bands compressed | Good liquidity,
TEL,2026-08-27,19,203.0,209.23,205.02,215.65,45.4,14.4,3.02,0.88,12.04,1.05,1.62,-1.35,-5.09,8.92,8.92,414.53,SMA50 rising | Volume contracting | ATR contracting | Bollinger Bands compressed | Good liquidity,
HD,2026-08-27,19,328.61,341.81,340.43,342.23,40.8,10.7,2.53,0.97,8.92,0.88,-1.76,-1.42,6.28,9.05,9.2,1278.27,SMA50 rising | Volume contracting | ATR contracting | Bollinger Bands compressed | Good liquidity,
CPT,2026-08-27,19,105.79,109.2,111.63,105.79,36.9,15.9,1.83,0.77,6.04,0.9,-1.97,-6.62,0.62,9.04,13.25,93.58,SMA50 rising | Volume contracting | ATR contracting | Bollinger Bands compressed | Good liquidity,
RL,2026-08-27,19,351.9,380.81,386.54,364.55,30.6,17.7,3.31,1.19,13.96,0.88,-5.54,-8.81,-2.96,16.85,19.02,241.42,SMA50 rising | Volume contracting | ATR contracting | Bollinger Bands compressed | Good liquidity,
COST,2026-08-27,19,934.66,951.88,945.44,957.3,44.0,14.2,1.95,1.27,3.79,0.86,0.12,-2.04,-1.9,4.71,6.33,1676.15,Within 5% of 20-day high | Volume contracting | ATR contracting | Bollinger Bands compressed | Good liquidity,
XEL,2026-08-27,19,77.16,77.97,79.18,78.0,43.1,13.1,1.86,0.92,4.6,0.87,-1.97,-1.37,-0.16,4.76,7.41,370.47,Within 5% of 20-day high | Volume contracting | ATR contracting | Bollinger Bands compressed | Good liquidity,
LHX,2026-08-27,19,261.98,278.57,286.49,313.65,33.0,29.9,2.67,1.03,14.84,0.74,-3.13,-3.65,-14.63,12.28,21.58,455.58,Strong trend (ADX > 25) | Volatility contracting | ATR contracting | Good liquidity,
BLDR,2026-08-27,17,67.21,71.46,75.04,91.31,40.9,12.9,4.84,0.91,15.05,0.98,-4.42,1.82,-10.83,14.27,35.34,134.38,Volume contracting | ATR contracting | Bollinger Bands compressed | Positive 20-day momentum | Good liquidity,
NI,2026-08-27,17,40.96,42.24,44.76,44.6,32.3,38.2,2.01,0.59,11.28,0.95,-1.63,-8.51,-10.09,9.91,19.34,265.9,Strong trend (ADX > 25) | Volume contracting | ATR contracting | Good liquidity,
HON,2026-08-27,17,220.39,231.37,231.73,227.8,40.5,26.9,2.56,0.74,19.57,0.91,0.95,-8.62,-10.4,13.62,14.0,702.91,Strong trend (ADX > 25) | Volume contracting | ATR contracting | Good liquidity,
APTV,2026-08-27,17,45.44,48.97,55.26,67.42,31.8,33.8,4.08,0.99,23.99,1.36,-3.38,-21.78,-38.47,29.23,47.6,236.43,Strong trend (ADX > 25) | ATR contracting | Bollinger Bands compressed | Good liquidity,
MCHP,2026-08-27,17,75.49,77.15,82.18,75.97,44.9,18.9,4.47,0.77,14.87,1.06,0.18,1.25,-21.67,13.2,36.98,752.74,Volume contracting | ATR contracting | Bollinger Bands compressed | Positive 20-day momentum | Good liquidity,
AEP,2026-08-27,17,122.71,124.74,129.59,125.13,38.7,20.5,1.94,0.73,5.84,0.86,-2.38,-3.24,-2.73,5.54,13.7,463.5,Moderate trend | Volume contracting | ATR contracting | Bollinger Bands compressed | Good liquidity,
ALGN,2026-08-27,16,158.84,168.71,173.28,169.96,38.4,15.1,3.84,0.93,16.27,0.84,-0.06,-8.4,-4.71,18.33,20.23,144.72,Volume contracting | Volatility contracting | ATR contracting | Good liquidity,
SO,2026-08-27,16,89.05,91.41,93.47,91.04,34.4,15.6,1.75,1.17,5.41,0.81,-2.6,-4.83,-0.8,8.38,10.55,522.44,Volatility contracting | ATR contracting | Bollinger Bands compressed | Good liquidity,
FIS,2026-08-27,16,40.55,42.21,41.51,49.63,42.8,14.9,3.53,0.65,13.48,0.85,-0.07,-11.85,-3.54,14.48,15.91,270.46,SMA50 rising | Volume contracting | Bollinger Bands compressed | Good liquidity,
IR,2026-08-27,15,78.97,83.56,81.9,82.0,40.1,18.4,2.92,0.47,17.06,0.89,-0.45,-6.32,10.29,16.19,16.19,324.9,SMA50 rising | Volume contracting | ATR contracting | Good liquidity,
TPR,2026-08-27,15,123.24,142.63,143.69,137.29,30.2,28.7,4.08,1.14,41.26,1.35,-5.07,-19.23,-10.86,33.72,33.72,480.36,SMA50 rising | Strong trend (ADX > 25) | Good liquidity,
HUBB,2026-08-27,15,470.28,490.97,493.26,483.64,42.0,15.1,3.02,0.89,15.89,0.86,0.11,-0.72,-2.12,12.57,16.38,240.45,SMA50 rising | Volume contracting | ATR contracting | Good liquidity,
NCLH,2026-08-27,15,16.65,18.37,19.31,19.93,35.1,16.8,4.42,0.96,24.5,0.92,-0.6,-11.06,-8.16,23.78,31.83,256.64,SMA50 rising | Volume contracting | ATR contracting | Good liquidity,
CCL,2026-08-27,15,24.95,27.39,27.42,27.58,35.4,16.8,3.56,0.94,19.95,0.98,-1.66,-9.68,-9.26,20.49,25.99,457.15,SMA50 rising | Volume contracting | ATR contracting | Good liquidity,
WEC,2026-08-27,14,106.28,107.93,111.44,110.08,40.6,13.6,1.8,0.73,5.92,0.95,-2.06,-2.58,-2.74,5.28,11.85,268.67,Volume contracting | ATR contracting | Bollinger Bands compressed | Good liquidity,
DUK,2026-08-27,14,120.84,122.58,124.4,122.32,41.9,13.4,1.71,0.69,4.03,0.91,-1.51,-3.46,0.67,6.07,8.82,571.93,Volume contracting | ATR contracting | Bollinger Bands compressed | Good liquidity,
LVS,2026-08-27,14,44.24,46.17,46.31,54.24,38.1,16.0,2.81,1.67,7.61,1.05,-3.76,-10.72,-13.06,12.48,12.62,210.82,Volume contracting | ATR contracting | Bollinger Bands compressed | Good liquidity,
HRL,2026-08-27,14,21.28,24.34,24.71,23.0,21.6,22.0,3.03,4.07,14.12,1.12,-11.63,-16.12,-7.77,19.74,24.2,108.66,SMA50 rising | Moderate trend | ATR contracting | Good liquidity,
VST,2026-08-27,14,139.81,142.9,152.3,158.54,42.7,15.4,3.97,0.64,12.99,1.01,0.63,-5.93,-11.37,12.29,22.56,662.2,Volume contracting | ATR contracting | Bollinger Bands compressed | Good liquidity,
NEE,2026-08-27,14,83.47,85.36,87.01,87.18,32.9,16.1,1.68,0.83,5.03,0.86,-1.83,-5.07,-1.87,6.89,9.01,891.63,Volume contracting | ATR contracting | Bollinger Bands compressed | Good liquidity,
PPL,2026-08-27,14,34.44,35.21,35.73,36.0,39.5,11.0,1.89,1.0,4.86,0.88,-2.16,-3.15,-0.33,6.27,8.48,283.85,Volume contracting | ATR contracting | Bollinger Bands compressed | Good liquidity,
DECK,2026-08-27,13,86.33,93.41,99.56,102.45,34.1,28.8,3.63,1.24,17.28,0.88,-2.85,-13.4,-22.08,18.35,33.0,219.12,Strong trend (ADX > 25) | ATR contracting | Good liquidity,
TJX,2026-08-27,13,134.22,150.15,153.25,154.19,20.6,29.9,2.51,1.05,22.55,0.89,-4.6,-15.46,-12.39,20.69,24.81,993.45,Strong trend (ADX > 25) | ATR contracting | Good liquidity,
PNR,2026-08-27,12,62.1,65.68,68.55,86.53,37.9,17.2,3.32,1.18,13.83,0.67,-2.63,-6.15,-12.47,14.28,24.99,185.31,Volatility contracting | ATR contracting | Good liquidity,
MNST,2026-08-27,12,46.7,58.91,78.2,78.64,42.0,18.8,17.11,0.81,138.05,1.32,-1.66,-51.97,-47.59,112.61,114.86,508.72,MACD bullish | Positive MACD histogram | Good liquidity,
IDXX,2026-08-27,12,545.08,565.99,558.92,611.82,43.2,10.6,3.07,0.55,11.62,0.87,-0.14,-2.46,-1.04,14.51,14.51,354.57,SMA50 rising | Volume contracting | Good liquidity,
TSN,2026-08-27,11,55.35,57.7,57.91,59.91,36.6,15.1,2.55,0.74,7.46,1.05,-5.22,-8.74,-7.12,10.05,13.88,178.89,Volume contracting | Bollinger Bands compressed | Good liquidity,
CNP,2026-08-27,10,39.29,40.18,42.12,41.0,36.5,11.8,2.16,0.75,7.91,0.91,-2.26,-6.23,-5.28,9.86,14.51,240.07,Volume contracting | ATR contracting | Good liquidity,
TDG,2026-08-27,10,1186.48,1231.09,1260.1,1273.88,39.8,13.8,2.65,0.49,9.42,0.9,0.52,-5.07,-4.85,14.56,14.77,572.49,ATR contracting | Bollinger Bands compressed | Good liquidity,
LULU,2026-08-27,10,115.0,120.96,117.63,154.34,43.0,11.2,3.63,1.05,12.71,1.0,-0.6,-3.75,-9.07,12.05,12.05,330.98,ATR contracting | Bollinger Bands compressed | Good liquidity,
NKE,2026-08-27,9,38.44,40.82,42.02,51.63,36.6,20.5,3.06,1.34,11.61,0.95,-4.4,-9.1,-12.1,12.41,19.93,1101.85,Moderate trend | ATR contracting | Good liquidity,
NRG,2026-08-27,7,114.41,119.78,130.39,147.37,41.5,18.7,4.93,0.62,21.57,1.21,-0.82,-14.3,-14.0,23.0,31.49,388.65,Volume contracting | Good liquidity,
PODD,2026-08-27,7,143.41,147.38,154.05,215.64,43.0,18.3,4.52,0.74,24.91,1.35,-2.36,-13.44,0.69,20.01,20.58,262.08,Volume contracting | Good liquidity,
WMT,2026-08-27,6,102.63,110.44,112.06,118.03,32.2,18.4,2.73,1.08,15.55,1.21,-0.93,-7.4,-9.01,13.6,19.5,3004.88,ATR contracting | Good liquidity,
